Correta,Errada,Matches,Corretor,Candidatos,TaxaDeAcerto,TaxaDesconhecidas,targetMatches,targetCorretor
['podemos'],['pyodemos'],[],['podemos'],['plotemos', 'podermos', 'perdemos', 'provemos', 'peidemos', 'pioremos', 'podemos', 'rodemos', 'pendemos', 'poremos', 'pudemos', 'posemos', 'podemo', 'podamos'],0.0,0.0,0,1
['esse'],['esje'],[],['esse'],['lese', 'ele', 'suje', 'mije', 'desce', 'enoje', 'deseje', 'cesse', 'peste', 'esta', 'hoje', 'enjoe', 'desse', 'raje', 'oeste', 'laje', 'soe', 'asse', 'nesse', 'sebe', 'esmo', 'veste', 'teste', 'sete', 'pese', 'reste', 'ester', 'ecoe', 'ente', 'está', 'este', 'estes', 'despe', 'fuje', 'beije', 'desde', 'essa', 'es', 'esse', 'escoe', 'leste', 'se', 'lesse', 'esaú', 'esses', 'sede', 'sele', 'espie', 'esau', 'sue', 'use', 'deste', 'tese', 'erre', 'neste', 'seja'],0.0,0.0,0,1
['já'],['jrá'],['já'],['jurá'],[],100.0,0.0,1,0
['nosso'],['nossov'],[],['nosso'],['fossos', 'nossa', 'nosso', 'nossas', 'vossos', 'ossos', 'osso', 'posso', 'nossos', 'fosso', 'vosso', 'nisso'],0.0,0.0,0,1
['são'],['sãêo'],[],['são'],['sãos', 'sono', 'sôo', 'somo', 'sano', 'sido', 'sovo', 'saio', 'siso', 'supo', 'mão', 'soco', 'dão', 'sao', 'sino', 'sexo', 'suco', 'solo', 'sebo', 'seco', 'selo', 'são', 'sujo', 'cão', 'sumo', 'soo', 'safo', 'siao', 'soro', 'hão', 'seio', 'suo', 'vão', 'sião', 'seno', 'sãs', 'subo', 'sapo', 'sã', 'saco', 'sugo', 'silo', 'sigo', 'sê', 'sito', 'pão', 'saro', 'so', 'tão', 'ão', 'não'],0.0,0.0,0,1
['dos'],['dosa'],[],['idosa'],['cota', 'tosar', 'dopa', 'dois', 'gota', 'cosas', 'doava', 'toga', 'donas', 'idosas', 'doar', 'duas', 'nova', 'coma', 'toda', 'mosca', 'nossa', 'posam', 'goma', 'dita', 'domo', 'doso', 'doara', 'doses', 'boas', 'doi', 'fofa', 'dama', 'dica', 'soas', 'adota', 'dopá', 'tosai', 'dos', 'rota', 'vota', 'doou', 'dotas', 'diva', 'des', 'jota', 'hora', 'roça', 'sopa', 'sedosa', 'domai', 'adoca', 'doei', 'toca', 'boia', 'voas', 'dera', 'dopai', 'dopas', 'dogma', 'rosa', 'dosei', 'dono', 'usa', 'dura', 'odiosa', 'soca', 'roas', 'dota', 'ola', 'tose', 'costa', 'doce', 'casa', 'gora', 'aos', 'tora', 'pose', 'dotá', 'tosta', 'disca', 'tola', 'sova', 'dao', 'diga', 'gosta', 'soa', 'mova', 'moía', 'musa', 'dorso', 'dote', 'rosna', 'cosia', 'topa', 'fosca', 'boca', 'duma', 'dotar', 'dosais', 'soja', 'dorsal', 'os', 'posta', 'droga', 'roca', 'adoça', 'loba', 'moia', 'essa', 'cola', 'roma', 'lona', 'gosma', 'sousa', 'doa', 'posai', 'dosá', 'nona', 'dosava', 'goza', 'tosá', 'ursa', 'joça', 'rola', 'rosas', 'tosa', 'mora', 'doí', 'dosado', 'copa', 'docas', 'doída', 'dopo', 'dosamo', 'mesa', 'dou', 'danosa', 'da', 'desta', 'dotai', 'posas', 'tosam', 'sofa', 'prosa', 'gusa', 'nodosa', 'tosas', 'moça', 'cora', 'adora', 'opa', 'moas', 'nota', 'dons', 'doze', 'ciosa', 'cosam', 'sa', 'dolar', 'dosas', 'dava', 'boa', 'doai', 'dosem', 'doura', 'ioga', 'idoso', 'lisa', 'data', 'fossa', 'bola', 'dome', 'posar', 'lousa', 'dom', 'duna', 'toma', 'rose', 'lesa', 'do', 'doera', 'doia', 'doeu', 'dada', 'dessa', 'densa', 'mos', 'dás', 'posa', 'idosa', 'posá', 'iota', 'cosa', 'coso', 'odia', 'soda', 'mola', 'domar', 'cova', 'rosea', 'doiam', 'oba', 'vossa', 'josé', 'bosta', 'asa', 'doer', 'coça', 'doías', 'coa', 'moca', 'dolosa', 'dor', 'toso', 'foca', 'poso', 'rasa', 'dira', 'doada', 'dia', 'moa', 'sos', 'poda', 'poça', 'nos', 'morsa', 'domam', 'voa', 'nora', 'bolsa', 'coisa', 'loca', 'sosia', 'doias', 'roía', 'das', 'loja', 'tesa', 'doíam', 'visa', 'joia', 'domas', 'dobra', 'glosa', 'doam', 'coas', 'douta', 'roda', 'cosê', 'dope', 'coza', 'doe', 'bossa', 'doto', 'doma', 'pora', 'deusa', 'joga', 'dopam', 'cosi', 'lusa', 'poca', 'tona', 'jose', 'desça', 'doá', 'ditosa', 'assa', 'dês', 'gola', 'dona', 'deva', 'roia', 'voga', 'roga', 'mofa', 'dana', 'coesa', 'lota', 'doem', 'doca', 'dolo', 'does', 'cose', 'coca', 'soma', 'doas', 'dosai', 'joca', 'dosara', 'rosca', 'dose', 'pos', 'doía', 'lodosa', 'boba', 'desca', 'dosará', 'roxa', 'pesa', 'doê', 'coxa', 'dopar', 'vos', 'dosou', 'moda', 'bota', 'doo', 'dela', 'dara', 'pousa', 'dista', 'dosa', 'domá', 'dosar', 'sola', 'dias', 'fora', 'zona', 'dosam', 'pisa', 'doida', 'oca', 'possa', 'dotam', 'ora', 'tosca', 'idos', 'doais', 'roa', 'los', 'ousa', 'sonsa'],0.0,0.0,0,0
['muito'],['muifo'],[],['muito'],['mundo', 'mugimo', 'guizo', 'musgo', 'muco', 'guio', 'cuido', 'pifo', 'ruivo', 'mugido', 'mutilo', 'meião', 'quilo', 'multo', 'umido', 'miro', 'rufo', 'mino', 'ruimo', 'juizo', 'moido', 'rifo', 'bufo', 'uivo', 'meio', 'meiao', 'muro', 'muitos', 'mico', 'mijo', 'mixo', 'musico', 'mito', 'suino', 'quito', 'suico', 'meigo', 'maio', 'ceifo', 'mui', 'munimo', 'grifo', 'ruido', 'muita', 'mujo', 'mofo', 'miudo', 'mimo', 'mudo', 'mio', 'tifo', 'munido', 'murro', 'musco', 'muito', 'mutuo'],0.0,0.0,0,1
['imagem'],['iômagem'],[],['imagem'],['imagem', 'irmanem', 'ramagem'],0.0,0.0,0,1
['sua'],['ósua'],[],['sua'],['acua', 'lua', 'isla', 'egua', 'tua', 'ásia', 'gusa', 'rósea', 'esta', 'nua', 'asma', 'suam', 'rua', 'sul', 'agua', 'isca', 'crua', 'aspa', 'eua', 'égua', 'usa', 'asia', 'soa', 'suga', 'água', 'lusa', 'frua', 'suar', 'asa', 'suo', 'suja', 'sa', 'essa', 'anua', 'flua', 'atua', 'ousa', 'musa', 'suma', 'pua', 'sua', 'suá', 'assa', 'sósia', 'esau', 'sue', 'usual', 'suai', 'suba', 'óssea', 'suas', 'sub', 'usura'],0.0,0.0,0,1
['também'],['tambéùm'],['também'],['também'],[],100.0,0.0,1,1
['ele'],['eme'],[],['geme'],['freme', 'age', 'etc', 'ceie', 'eles', 'amá', 'temer', 'amem', 'geme', 'egeu', 'má', 'fere', 'doe', 'deem', 'nele', 'emane', 'els', 'pele', 'im', 'rema', 'temes', 'gemei', 'esmo', 'eia', 'nene', 'ze', 'fe', 'dome', 'elo', 'emule', 'ice', 'te', 'que', 'uma', 'gene', 'ermo', 'mel', 'esse', 'creme', 'lede', 'are', 'gume', 'mame', 'tese', 'ames', 'treme', 'nem', 'ave', 'teime', 'demo', 'gemea', 'eden', 'lese', 'vede', 'ate', 'ele', 'gema', 'temem', 'mãe', 'vexe', 'vele', 'germe', 'rege', 'zere', 'fie', 'leem', 'ue', 'neve', 'ema', 'mexe', 'semen', 'ode', 'amo', 'hem', 'time', 'fome', 'vemo', 'some', 'meu', 'sete', 'dete', 'semeá', 'me', 'vem', 'lhe', 'eva', 'remei', 'mele', 'remá', 'gemem', 'pe', 'es', 'bem', 'mes', 'temê', 'temi', 'gemes', 'era', 'sele', 'poe', 'ente', 'ide', 'um', 'mae', 'moe', 'leme', 'gemeu', 'remi', 'remo', 'eco', 'ore', 'pre', 'veem', 'mie', 'bege', 'elmo', 'leve', 'soe', 'femea', 'fede', 'roe', 'nome', 'cede', 'rete', 'remoe', 'sebe', 'remem', 'semea', 'bebe', 'pese', 'coe', 'fume', 'amei', 'ecoe', 'gemer', 'cre', 'teve', 'mede', 'põe', 'lema', 'eu', 'exume', 'rume', 'mo', 'tome', 'e', 'rime', 'teme', 'ima', 'lime', 'rele', 'come', 'emir', 'se', 'temo', 'ama', 'tem', 'cume', 'deve', 'gemi', 'sede', 've', 'cem', 'gemeo', 'emas', 'ame', 'ma', 'zele', 'vete', 'pie', 'lemes', 'une', 'ex', 'gele', 'pede', 'voe', 'ego', 'em', 'tece', 'de', 'reze', 'ela', 'exame', 'lemo', 'eua', 'sem', 'gemê', 'gere', 'emite', 'exime', 'eis', 'preme', 'verme', 'geie', 'iene', 'le', 'remes', 'este', 'semi', 'mime', 'mete', 'temei', 'reme', 'gemo', 'dele', 'pene', 'eter', 'tema', 'temeu', 'tele', 'sue', 'rede', 'use', 'erre', 'arme', 'ímã', 'reve'],0.0,0.0,0,0
['fazer'],['èazer'],[],['fazer'],['saber', 'vazem', 'vazes', 'trazer', 'laser', 'vazei', 'fazes', 'lazer', 'bater', 'jazera', 'prazer', 'jazer', 'fizer', 'azar', 'fazer', 'bazar', 'pazes', 'jaze', 'jazes', 'jazem', 'jazerá', 'afazer', 'vaze', 'haver', 'faze', 'ater', 'fazem', 'jazei', 'caber', 'fazei', 'valer', 'jazeu', 'cozer', 'dizer', 'vazar'],0.0,0.0,0,1
['temos'],['temfs'],[],['temas'],['temer', 'vemos', 'tesos', 'lemes', 'teses', 'atemos', 'teias', 'tempo', 'temem', 'temais', 'teras', 'tomes', 'remos', 'tempos', 'temos', 'lemas', 'teimes', 'temes', 'telas', 'termos', 'tetos', 'tenis', 'tecas', 'temam', 'temeis', 'temia', 'lemos', 'tesas', 'teres', 'demos', 'temas', 'terás', 'teças', 'times', 'teles', 'remes', 'tens', 'remas', 'tomas', 'teus', 'teme', 'tremes', 'temei', 'temor', 'texas', 'remis', 'gemas', 'temo', 'tema', 'tem', 'temi', 'gemes', 'temê', 'temeu', 'tetas', 'tremas', 'teimas', 'emas', 'temias', 'teces', 'tomás'],0.0,0.0,0,0
['essa'],['eàssa'],[],['essa'],['cassa', 'nossa', 'russa', 'elisa', 'esta', 'essas', 'massa', 'dessa', 'bossa', 'tussa', 'fossa', 'nessa', 'vossa', 'passa', 'essa', 'possa', 'esse', 'assa', 'missa', 'cessa'],0.0,0.0,0,1
['quando'],['quaôdo'],[],['quando'],['quarto', 'suado', 'quao', 'quadro', 'quanto', 'quedo', 'suando', 'quando', 'guardo', 'quatro'],0.0,0.0,0,1
['vamos'],['vamvos'],[],['vamos'],['vamos', 'vemos', 'vasos', 'amos', 'ambos', 'salvos', 'calvos', 'avos', 'gamos', 'varios', 'viamos', 'campos', 'valos', 'vovos', 'iamos', 'damos', 'parvos', 'voamos', 'víamos', 'tampos', 'vivos', 'favos', 'vaos', 'vazios', 'vimos', 'vamo', 'vadios', 'íamos', 'viuvos', 'vagos', 'viúvos', 'alvos', 'vacuos', 'bambos', 'vastos', 'ramos'],0.0,0.0,0,1
['sobre'],['hsobre'],[],['sobre'],['sofre', 'sopre', 'sobro', 'sobres', 'honre', 'dobre', 'sobrei', 'sabre', 'sobrem', 'pobre', 'sobra', 'nobre', 'sobre', 'sobrá', 'cobre', 'sobe'],0.0,0.0,0,1
['java'],['sjava'],[],['sujava'],['suavas', 'fava', 'mijava', 'seiva', 'doava', 'orava', 'soavas', 'sova', 'socava', 'sujavas', 'jave', 'crava', 'silva', 'soavam', 'suara', 'saga', 'sacava', 'suavam', 'miava', 'java', 'brava', 'soara', 'trava', 'rajava', 'coava', 'saúva', 'fiava', 'sanava', 'saca', 'safava', 'saía', 'piava', 'sorva', 'içava', 'sana', 'sarava', 'sara', 'sovava', 'somava', 'solava', 'sujava', 'sugava', 'jaza', 'serva', 'eslava', 'saara', 'arava', 'grava', 'usava', 'icava', 'javé', 'assava', 'suada', 'selava', 'sala', 'geava', 'salva', 'secava', 'sujara', 'cava', 'amava', 'sata', 'voava', 'sujavam', 'suava', 'soava', 'safa', 'sauva', 'atava', 'lava', 'seara', 'saia', 'selva', 'dava', 'suave', 'escava', 'estava', 'ceava', 'jaca', 'sirva', 'clava'],0.0,0.0,0,0
['das'],['daõs'],[],['das'],['baus', 'aos', 'dois', 'dados', 'caos', 'dar', 'data', 'dares', 'baús', 'has', 'fas', 'dao', 'datas', 'daras', 'vas', 'duas', 'saís', 'dais', 'gas', 'darás', 'dano', 'dês', 'maes', 'idas', 'vais', 'dada', 'as', 'sas', 'tais', 'davas', 'raas', 'ias', 'daí', 'dates', 'dana', 'datá', 'duais', 'laos', 'danas', 'país', 'maus', 'dás', 'ais', 'does', 'nas', 'dama', 'duns', 'adis', 'saos', 'dali', 'dai', 'dará', 'doas', 'dos', 'mas', 'dadas', 'las', 'des', 'maos', 'pais', 'damo', 'deis', 'danes', 'paus', 'damos', 'cais', 'caís', 'dato', 'danos', 'davi', 'damas', 'da', 'paes', 'pas', 'daná', 'dara', 'deus', 'dias', 'vaos', 'dons', 'date', 'sais', 'caes', 'mais', 'das', 'dava', 'dado', 'dane', 'doais'],0.0,0.0,0,1
['agora'],['agorah'],[],['agora'],['amoral', 'adoram', 'aforai', 'agoura', 'agiras', 'adora', 'agora', 'gorai', 'goram', 'aforas', 'amoras', 'agiram', 'agira', 'adorai', 'amora', 'agourai', 'agirao', 'aforar', 'agouras', 'agouram', 'gorar', 'adoras', 'aforam', 'goras', 'afora', 'gora', 'adorar', 'agourar'],0.0,0.0,0,1
['está'],['eòtá'],[],['está'],['etc', 'estás', 'cotá', 'votá', 'lotá', 'catá', 'deitá', 'esta', 'dotá', 'ejetá', 'testá', 'matá', 'ditá', 'fitá', 'datá', 'editá', 'optá', 'entrá', 'ente', 'lutá', 'está', 'botá', 'sentá', 'este', 'notá', 'peitá', 'entoá', 'atá', 'evitá', 'errá', 'reatá', 'vetá', 'tentá', 'restá', 'ventá', 'untá', 'ecoá', 'citá'],0.0,0.0,0,1
['cada'],['céda'],[],['cada'],['roda', 'cota', 'cedia', 'feda', 'coza', 'cidra', 'cha', 'cima', 'capa', 'cuja', 'cade', 'célia', 'cerda', 'césar', 'cuia', 'cla', 'coma', 'cata', 'toda', 'lida', 'cela', 'chia', 'urda', 'buda', 'tida', 'dada', 'veda', 'cuida', 'cauda', 'cedê', 'caida', 'cedas', 'cea', 'cedo', 'céus', 'calda', 'cédula', 'cedi', 'muda', 'cola', 'ceia', 'caia', 'coca', 'corda', 'média', 'cosa', 'ca', 'soda', 'cria', 'caída', 'acuda', 'cova', 'cama', 'icada', 'cede', 'crua', 'cera', 'cepa', 'coxa', 'cura', 'cedam', 'cega', 'céu', 'coça', 'coada', 'copa', 'nada', 'cena', 'ácida', 'coa', 'moda', 'acida', 'cinda', 'da', 'caía', 'cadê', 'cava', 'cada', 'cala', 'caca', 'cuba', 'cara', 'cora', 'onda', 'caça', 'arda', 'poda', 'anda', 'ida', 'vida', 'cana', 'caga', 'rédea', 'côdea', 'codea', 'fada', 'seda', 'cuca', 'cita', 'ceda', 'casa'],0.0,0.0,0,1
['mesmo'],['zmesmo'],[],['mesmo'],['amemo', 'esmo', 'mesma', 'mesmo', 'mesmos'],0.0,0.0,0,1
['nos'],['noâ'],[],['no'],['aos', 'oh', 'doe', 'sob', 'gol', 'po', 'no', 'soa', 'dom', 'notá', 'nova', 'por', 'do', 'doá', 'nem', 'moo', 'nús', 'com', 'nu', 'nua', 'voz', 'som', 'ou', 'os', 'roi', 'coá', 'uno', 'foz', 'mos', 'doi', 'ao', 'voo', 'nus', 'nas', 'nono', 'noel', 'nojo', 'vou', 'doa', 'lo', 'num', 'poe', 'roo', 'so', 'moê', 'dos', 'moe', 'roê', 'ão', 'oi', 'nona', 'não', 'sol', 'nao', 'tom', 'pos', 'soe', 'roe', 'nome', 'nove', 'ano', 'sou', 'coe', 'note', 'doí', 'for', 'doê', 'cor', 'mo', 'o', 'novo', 'vos', 'coa', 'nó', 'dou', 'roí', 'dor', 'anos', 'mor', 'coo', 'moí', 'na', 'moi', 'voá', 'doo', 'nós', 'voe', 'moa', 'sos', 'bom', 'soá', 'nota', 'nos', 'voa', 'soo', 'nora', 'foi', 'nú', 'noto', 'boa', 'roa', 'los', 'boi', 'noz'],0.0,0.0,0,0
['forma'],['fobma'],[],['forma'],['forra', 'poema', 'forja', 'afoba', 'goma', 'sobra', 'firma', 'folga', 'fobia', 'formar', 'dogma', 'doma', 'bobea', 'boba', 'fossa', 'fora', 'fome', 'formam', 'oba', 'focam', 'folha', 'formo', 'fibra', 'bomba', 'fofa', 'filma', 'formai', 'fonema', 'norma', 'loba', 'tomba', 'toma', 'formá', 'zomba', 'forme', 'formal', 'roma', 'gosma', 'folia', 'soma', 'formao', 'cobra', 'formas', 'fama', 'coma', 'fuma', 'afobam', 'foram', 'obra', 'labma', 'dobra', 'forca', 'força', 'pomba', 'foca', 'forma', 'fosca'],0.0,0.0,0,1
['seja'],['sejéa'],[],['seja'],['sedia', 'serva', 'senda', 'seiva', 'soja', 'sepia', 'semea', 'senta', 'seca', 'serra', 'sejas', 'seta', 'jejua', 'seara', 'suja', 'sela', 'senha', 'veja', 'seda', 'selva', 'sejam', 'seita', 'sexta', 'sera', 'sesta', 'seria', 'reja', 'seja'],0.0,0.0,0,1
['então'],['enêão'],[],['então'],['entôo', 'pendão', 'entoo', 'unção', 'envio', 'senão', 'união', 'negão', 'enfio', 'enjoo', 'enjôo', 'entro', 'benção', 'pensão', 'enojo', 'anão', 'encho', 'tendão', 'estão', 'tensão', 'antão', 'entao', 'menção', 'então', 'não'],0.0,0.0,0,1
['criar'],['èriar'],[],['criar'],['piar', 'primar', 'ária', 'armar', 'criará', 'grilar', 'errar', 'ericar', 'gritar', 'cria', 'tirar', 'ria', 'rifar', 'rira', 'girar', 'odiar', 'criam', 'rimar', 'rias', 'arfar', 'aliar', 'orcar', 'variar', 'aviar', 'crias', 'fria', 'arias', 'criar', 'trair', 'arriar', 'chiar', 'iria', 'árias', 'eriçar', 'arar', 'boiar', 'afiar', 'mirar', 'crivar', 'aria', 'miar', 'fritar', 'seriar', 'orar', 'caiar', 'fiar', 'raiar', 'orlar', 'urinar', 'orçar', 'privar', 'arcar', 'virar', 'frias', 'criara', 'brigar', 'frear', 'rir', 'frisar', 'grifar', 'ornar', 'vaiar', 'iriam', 'irias', 'riam', 'urrar', 'criai', 'guiar', 'adiar'],0.0,0.0,0,1
['código'],['cóeigo'],[],['código'],['chego', 'clerigo', 'creio', 'comigo', 'codigo', 'leigo', 'meigo', 'cheio', 'ceio', 'cego', 'códigos', 'ceifo', 'código', 'cheiro'],0.0,0.0,0,1
['caso'],['casío'],[],['caso'],['basto', 'casse', 'casso', 'caos', 'cisao', 'vaso', 'campo', 'caido', 'casar', 'asno', 'capo', 'castro', 'calço', 'casei', 'caspa', 'crasso', 'cuspo', 'casamo', 'canso', 'cesto', 'caso', 'vasto', 'cacao', 'casos', 'cacto', 'cases', 'causo', 'casco', 'custo', 'caímo', 'caibo', 'capto', 'carão', 'lasco', 'cardo', 'caí', 'cao', 'caço', 'cassá', 'casaco', 'cavio', 'casulo', 'casto', 'casal', 'calmo', 'carro', 'casou', 'cato', 'asco', 'cesso', 'coso', 'casai', 'asso', 'cassa', 'cesio', 'cacoo', 'castor', 'pasmo', 'caspio', 'cascos', 'carao', 'cassou', 'cação', 'césio', 'cavo', 'calco', 'casá', 'gasto', 'raspo', 'casem', 'passo', 'caís', 'casado', 'casemo', 'rasto', 'casam', 'canto', 'cascão', 'nasco', 'nasço', 'cano', 'case', 'caía', 'masco', 'caio', 'acaso', 'calo', 'castos', 'caco', 'pasto', 'cosmo', 'cacho', 'cargo', 'casca', 'cisco', 'ocaso', 'calvo', 'casta', 'cabo', 'raso', 'caído', 'cisão', 'cauto', 'caldo', 'cascao', 'cairo', 'casas', 'casa', 'caçôo', 'rasgo', 'carmo', 'cago', 'calho', 'caimo', 'caro', 'cismo'],0.0,0.0,0,1
['exemplo'],['áexemplo'],['exemplo'],['exemplo'],[],100.0,0.0,1,1
['tem'],['tĩem'],[],['tem'],['irem', 'amem', 'deem', 'totem', 'coem', 'dêem', 'lêem', 'teu', 'te', 'voem', 'taxem', 'tremi', 'icem', 'treme', 'nem', 'poem', 'temem', 'tez', 'trem', 'leem', 'suem', 'hem', 'time', 'doem', 'caem', 'vem', 'roem', 'põem', 'agem', 'terem', 'ítem', 'bem', 'temê', 'temi', 'atem', 'tremo', 'tinem', 'trema', 'veem', 'quem', 'tres', 'tom', 'avem', 'miem', 'moem', 'atuem', 'saem', 'tome', 'teme', 'ter', 'temo', 'têm', 'tem', 'tosem', 'cem', 'tirem', 'traem', 'topem', 'vêem', 'tecem', 'idem', 'tomem', 'riem', 'em', 'sem', 'unem', 'tremê', 'orem', 'soem', 'tapem', 'piem', 'tema', 'item', 'arem', 'alem', 'fiem', 'usem'],0.0,0.0,0,1
['usuário'],['usuárôio'],['usuário'],['usuário'],[],100.0,0.0,1,1
['dados'],['dfados'],[],['fados'],['dedaos', 'fardos', 'prados', 'afiados', 'ditados', 'dados', 'diabos', 'dadas', 'irados', 'dopados', 'lados', 'veados', 'fados', 'doado', 'usados', 'suados', 'doidos', 'damos', 'rifados', 'favos', 'fado', 'doídos', 'fiados', 'miados', 'doados', 'gados', 'meados', 'doador', 'dedados', 'danos', 'dotados', 'icados', 'dardos', 'fatos', 'alados', 'odiados', 'dedos', 'brados', 'fadas', 'amados', 'atados', 'domados', 'doadas', 'afagos', 'diodos', 'dado', 'doamos', 'faros', 'coados', 'arados', 'içados', 'ducados'],0.0,0.0,0,0
['python'],['pgthon'],[],['apgthon'],[],0.0,100.0,0,0
['nossa'],['nossah'],[],['nossa'],['nossa', 'fossa', 'nosso', 'nessa', 'nossas', 'possas', 'vossas', 'nossos', 'bossa', 'possam', 'nessas', 'possa', 'fossas', 'vossa'],0.0,0.0,0,1
['além'],['alémè'],[],['além'],['alemã', 'amém', 'além', 'alma', 'alema', 'alem', 'avém', 'atém', 'alamo'],0.0,0.0,0,1
['assim'],['asõim'],[],['assim'],['assis', 'afim', 'assam', 'assem', 'avim', 'advim', 'assim', 'asia', 'sim'],0.0,0.0,0,1
['ter'],['teb'],[],['te'],['ti', 'etc', 'tua', 'bebo', 'sob', 'terá', 'sei', 'ze', 'res', 'sebo', 'tera', 'fe', 'dei', 'der', 'teu', 'te', 'tens', 'teus', 'mel', 'teça', 'lei', 'tal', 'tese', 'nem', 'tê', 'ver', 'rei', 'ate', 'ser', 'teor', 'tez', 'tv', 'trem', 'ue', 'hem', 'bebê', 'meu', 'teso', 'vem', 'cea', 'atei', 'pe', 'les', 'ítem', 'es', 'tao', 'dez', 'bem', 'teta', 'éter', 'mes', 'temê', 'hei', 'temi', 'atem', 'deu', 'vez', 'atea', 'ves', 'bebi', 'tres', 'des', 'tom', 'tecê', 'fez', 'sebe', 'pes', 'teia', 'bebe', 'ler', 'teve', 'ates', 'eu', 'e', 'leu', 'tu', 'teme', 'ater', 'gea', 'tio', 'ter', 'teço', 'se', 'teci', 'temo', 'têm', 'taba', 'tem', 'veu', 'cem', 've', 'beba', 'tear', 'sub', 'per', 'ex', 'teca', 'tela', 'tubo', 'zebu', 'tece', 'em', 'de', 'geá', 'teco', 'ceá', 'sem', 'zen', 'le', 'bel', 'teto', 'ateu', 'ateá', 'ceu', 'seu', 'reu', 'tesa', 'tia', 'eter', 'tema', 'tele', 'item', 'tão', 'me'],0.0,0.0,0,0
['até'],['atĩ'],[],['ata'],['ti', 'aos', 'age', 'etc', 'amá', 'apto', 'alto', 'arte', 'data', 'atar', 'rata', 'agi', 'atol', 'ar', 'ator', 'satã', 'mata', 'te', 'ana', 'atos', 'atua', 'iate', 'are', 'tato', 'ah', 'tatu', 'cata', 'tal', 'ante', 'bato', 'fato', 'aço', 'tê', 'ali', 'ave', 'ara', 'jato', 'ac', 'ate', 'afa', 'as', 'tv', 'atas', 'alô', 'ajo', 'datá', 'amo', 'até', 'ao', 'ais', 'anta', 'ai', 'atei', 'azo', 'apta', 'tao', 'cato', 'ato', 'auto', 'pata', 'atem', 'atuá', 'alo', 'atai', 'ará', 'aí', 'mato', 'avô', 'atea', 'nata', 'afã', 'bati', 'anã', 'afta', 'ano', 'avo', 'aco', 'bate', 'alá', 'pato', 'ates', 'asa', 'mate', 'dato', 'tu', 'ater', 'aro', 'ala', 'gato', 'cate', 'atuo', 'ama', 'aba', 'lati', 'rato', 'ame', 'atê', 'catá', 'a', 'lata', 'avó', 'sata', 'adi', 'aia', 'matá', 'late', 'atou', 'gata', 'atém', 'date', 'ateu', 'ateá', 'atá', 'atam', 'anti', 'ata', 'batê', 'atum', 'bata', 'atue', 'alta', 'aja', 'nato'],0.0,0.0,0,0
['bem'],['âem'],[],['em'],['irem', 'amem', 'geme', 'sbm', 'deem', 'im', 'rema', 'coem', 'sei', 'ze', 'res', 'dêem', 'fe', 'dei', 'lêem', 'der', 'dom', 'hum', 'teu', 'te', 'dum', 'voem', 'mel', 'ibm', 'lei', 'icem', 'fim', 'nem', 'demo', 'ver', 'rei', 'poem', 'com', 'gema', 'ser', 'tez', 'trem', 'ue', 'leem', 'ema', 'som', 'iam', 'suem', 'hem', 'doem', 'vemo', 'meu', 'caem', 'vem', 'roem', 'cea', 'põem', 'remá', 'usem', 'agem', 'pe', 'les', 'ítem', 'es', 'dez', 'bem', 'hei', 'mes', 'temê', 'temi', 'atem', 'deu', 'num', 'um', 'vez', 'leme', 'remi', 'remo', 'ves', 'veem', 'vim', 'quem', 'des', 'tom', 'mim', 'avem', 'miem', 'fez', 'pes', 'moem', 'ohm', 'ler', 'saem', 'lema', 'eu', 'e', 'leu', 'rim', 'teme', 'gea', 'ter', 'se', 'temo', 'têm', 'tem', 'veu', 'gemi', 'cem', 've', 'sim', 'ame', 'per', 'ex', 'vêm', 'vêem', 'idem', 'rum', 'riem', 'em', 'de', 'geá', 'bom', 'lemo', 'ceá', 'sem', 'gemê', 'unem', 'zen', 'le', 'bel', 'semi', 'orem', 'soem', 'ceu', 'seu', 'reme', 'gemo', 'reu', 'piem', 'tema', 'item', 'arem', 'alem', 'fiem', 'me'],0.0,0.0,0,0
['design'],['desigen'],[],['designe'],['designes', 'designem', 'designei', 'designa', 'designo', 'designá', 'resigne', 'designe'],0.0,100.0,0,0
['trabalho'],['trabalàho'],[],['trabalho'],['trabalho', 'trabalhou', 'trabalhos', 'trabalha', 'trabalhe', 'trabalhá', 'trabalhão', 'trabalhao'],0.0,0.0,0,1
['foi'],['foo'],[],['foco'],['aos', 'foto', 'sôo', 'focá', 'joao', 'toco', 'oh', 'doe', 'sob', 'doto', 'gol', 'aforo', 'solo', 'fas', 'podo', 'joio', 'soou', 'fe', 'dôo', 'dao', 'jogo', 'po', 'no', 'fone', 'dom', 'fogo', 'coco', 'formo', 'soa', 'elo', 'afogo', 'bobo', 'vão', 'loco', 'pro', 'favo', 'iço', 'fé', 'por', 'do', 'poço', 'doá', 'fui', 'ovo', 'afobo', 'fato', 'faz', 'aço', 'fim', 'fãs', 'iodo', 'moo', 'sono', 'firo', 'fora', 'oco', 'com', 'gozo', 'fie', 'poco', 'roto', 'colo', 'sovo', 'voz', 'som', 'frio', 'mão', 'tolo', 'ajo', 'figo', 'ou', 'faço', 'hao', 'amo', 'fome', 'domo', 'forno', 'os', 'doso', 'coá', 'roi', 'rolo', 'fiou', 'rio', 'são', 'uno', 'cao', 'foz', 'mos', 'fumo', 'foge', 'doi', 'fofa', 'hão', 'dolo', 'ao', 'ecoo', 'voo', 'fino', 'foco', 'nono', 'lobo', 'forco', 'pao', 'azo', 'tomo', 'duo', 'moço', 'tao', 'nojo', 'forjo', 'vou', 'rodo', 'ato', 'doa', 'joão', 'foros', 'furo', 'lo', 'vao', 'voto', 'fico', 'pão', 'poe', 'roo', 'so', 'coso', 'moto', 'dos', 'moê', 'moe', 'roê', 'alo', 'ão', 'oi', 'não', 'môo', 'fuço', 'sol', 'roxo', 'nao', 'gomo', 'afro', 'eco', 'flor', 'moco', 'fia', 'somo', 'doou', 'fofos', 'fofo', 'tom', 'pos', 'filo', 'soe', 'coro', 'roe', 'soco', 'como', 'feio', 'sao', 'fez', 'fã', 'floco', 'feno', 'ano', 'avo', 'sou', 'coe', 'aco', 'boio', 'pomo', 'fixo', 'doí', 'goro', 'boto', 'pio', 'doê', 'cor', 'mo', 'for', 'folgo', 'logo', 'o', 'fio', 'novo', 'ido', 'vos', 'focou', 'aro', 'copo', 'oro', 'coço', 'roço', 'tio', 'fiz', 'rogo', 'dopo', 'fomos', 'dou', 'roí', 'dor', 'movo', 'mor', 'focos', 'coo', 'coto', 'moí', 'toso', 'mio', 'rôo', 'voou', 'moi', 'foca', 'voá', 'poso', 'fito', 'fa', 'doo', 'vôo', 'fluo', 'todo', 'topo', 'roco', 'fogao', 'falo', 'forço', 'faro', 'fujo', 'feto', 'mono', 'fogos', 'vovo', 'povo', 'fotos', 'dão', 'momo', 'voe', 'ego', 'coou', 'polo', 'moa', 'sos', 'bom', 'poro', 'modo', 'dono', 'afofo', 'robo', 'nos', 'soá', 'fosco', 'fado', 'lho', 'cio', 'fole', 'lodo', 'fosso', 'cão', 'voa', 'voos', 'afio', 'toro', 'soo', 'foi', 'soro', 'suo', 'fuco', 'côo', 'coxo', 'fiá', 'faco', 'boro', 'forro', 'ico', 'loto', 'fuso', 'noto', 'moro', 'fogão', 'bolo', 'mao', 'mofo', 'fios', 'foro', 'cozo', 'coa', 'roa', 'los', 'boa', 'opo', 'uso', 'boi', 'tão', 'fruo', 'fedo', 'godo', 'noz'],0.0,0.0,0,0
['apenas'],['apenaũ'],[],['apena'],['apeno', 'apegam', 'amena', 'acenam', 'apenara', 'penas', 'apenas', 'apenei', 'apelai', 'apeias', 'acena', 'apelas', 'apendam', 'apenes', 'apendá', 'apela', 'apenava', 'apeia', 'apenou', 'penai', 'penal', 'arenas', 'apendo', 'amenas', 'apenai', 'apegai', 'apenar', 'apeiam', 'apene', 'apendar', 'apear', 'apendai', 'penam', 'apega', 'apenará', 'apeai', 'acenar', 'acenas', 'apea', 'arena', 'apenda', 'apenais', 'apenam', 'apendas', 'apenem', 'acenai', 'apende', 'apenado', 'apesar', 'apenamo', 'apena', 'apená', 'pena', 'apelar', 'atenas', 'apegar', 'apegas', 'apelam', 'penar'],0.0,0.0,0,0
['empresa'],['empresà'],[],['empresa'],['emprestá', 'empresa', 'empresas', 'empreste', 'empregá', 'emprego', 'emires', 'emprega', 'empresta', 'empresto'],0.0,0.0,0,1
['valor'],['valíor'],[],['valor'],['vapor', 'calor', 'valo', 'valer', 'valho', 'alvor', 'valor', 'valos'],0.0,0.0,0,1
['será'],['serr'],[],['serra'],['zero', 'fere', 'ferra', 'será', 'suor', 'gerar', 'serrar', 'sexo', 'terá', 'sei', 'serres', 'serro', 'sebo', 'tera', 'cerre', 'serre', 'mera', 'serei', 'der', 'ferrá', 'nero', 'lera', 'gerir', 'seis', 'zerá', 'cerrá', 'serás', 'surrá', 'terra', 'surro', 'ver', 'seriá', 'pera', 'gear', 'zere', 'seus', 'teor', 'ser', 'sarar', 'ferir', 'serao', 'serem', 'soar', 'lerá', 'cerro', 'cear', 'sete', 'seco', 'selo', 'ferre', 'surre', 'serra', 'seta', 'suar', 'seio', 'neri', 'secá', 'sela', 'serze', 'surra', 'seno', 'cerra', 'geri', 'serram', 'serras', 'fera', 'berro', 'seres', 'sara', 'gera', 'peru', 'seria', 'era', 'sele', 'berra', 'gero', 'serrei', 'siri', 'serva', 'verá', 'sará', 'sebe', 'serve', 'mero', 'zerar', 'cera', 'seca', 'ler', 'ferro', 'sorri', 'erro', 'zera', 'seriar', 'erra', 'serrem', 'ter', 'se', 'seras', 'serrou', 'sera', 'sede', 'vera', 'saro', 'tear', 'seja', 'selá', 'secar', 'berrá', 'per', 'servir', 'dera', 'hera', 'serrá', 'sair', 'berre', 'serzi', 'sem', 'serie', 'servi', 'gere', 'serão', 'serrai', 'soro', 'seara', 'gerá', 'semi', 'sare', 'setor', 'crer', 'seu', 'seda', 'errá', 'serzir', 'feri', 'serio', 'selar', 'servo', 'erre'],0.0,0.0,0,0
['entre'],['entke'],[],['ente'],['entôo', 'entoo', 'enoje', 'enjoe', 'ventre', 'entale', 'envie', 'dentre', 'lente', 'rente', 'sente', 'enche', 'entra', 'entro', 'tente', 'entoes', 'entoe', 'entupe', 'entrá', 'dente', 'mente', 'ente', 'pente', 'vente', 'entoei', 'entoa', 'este', 'entrei', 'entres', 'entoá', 'centre', 'entes', 'gente', 'entre', 'entao', 'entrem', 'ante', 'enfie', 'entoem', 'então', 'unte'],0.0,0.0,0,0
['método'],['méqodo'],[],['método'],['métodos', 'metodo', 'método', 'modo'],0.0,0.0,0,1
['precisamos'],['precisamops'],[],['precisamos'],['precisados', 'precisamos', 'precisarmos', 'precisemos', 'precisamo'],0.0,0.0,0,1
['ainda'],['ainàa'],[],['ainda'],['afina', 'alinea', 'ainda', 'tinha', 'pinta', 'faina', 'nina', 'atina', 'finja', 'aia', 'linda', 'tinta', 'linfa', 'sina', 'pinga', 'ginga', 'avinha', 'aninha', 'rainha', 'vinda', 'finta', 'minha', 'anda', 'finda', 'inca', 'vinga', 'anca', 'bainha', 'alinha', 'tinia', 'atinha', 'jinga', 'cinza', 'pinca', 'pinha', 'tinja', 'ana', 'afinca', 'xinga', 'tina', 'finca', 'mina', 'anta', 'apinha', 'anua', 'ninfa', 'cinta', 'cinda', 'minta', 'pinça', 'vinha', 'fina', 'linha', 'atinja', 'vinca', 'cinja', 'sinta', 'anima'],0.0,0.0,0,1
['vai'],['van'],[],['va'],['vás', 'uvas', 'ja', 'dar', 'vaso', 'has', 'valo', 'fas', 'ar', 'dao', 'pano', 'baú', 'vão', 'vas', 'vaze', 'ana', 'mau', 'vaia', 'mano', 'vaga', 'vazo', 'gas', 'ah', 'sal', 'tal', 'dano', 'faz', 'bau', 'ave', 'ver', 'ac', 'gana', 'vi', 'jean', 'mane', 'ia', 'vagá', 'vagi', 'vais', 'cai', 'as', 'sano', 'sas', 'vaiá', 'vês', 'voz', 'voar', 'iam', 'ias', 'oval', 'dana', 'daí', 'varo', 'hao', 'vaza', 'valê', 'jaz', 'caí', 'vá', 'vem', 'cao', 'eva', 'naná', 'viam', 'pau', 'ao', 'voo', 'nas', 'ai', 'pao', 'nane', 'vaio', 'bane', 'tao', 'véu', 'mal', 'via', 'vou', 'gani', 'sana', 'vao', 'ha', 'dai', 'viana', 'vós', 'mae', 'sane', 'vez', 'ca', 'aí', 'avô', 'sai', 'paz', 'mas', 'mana', 'nao', 'ves', 'voam', 'vã', 'viao', 'las', 'vim', 'anã', 'vaca', 'bani', 'vai', 'vala', 'vara', 'cal', 'sao', 'vago', 'voai', 'ano', 'avo', 'vens', 'bar', 'va', 'vil', 'vos', 'cano', 'mané', 'par', 'saná', 'veu', 'da', 've', 'na', 'viã', 'la', 'voas', 'una', 'vaie', 'ma', 'voá', 'lar', 'gane', 'fa', 'pas', 'vôo', 'vis', 'daná', 'vêm', 'vará', 'ra', 'a', 'avó', 'uai', 'viu', 'voe', 'pai', 'vazá', 'vali', 'vaos', 'cana', 'voa', 'nano', 'vii', 'zen', 'vale', 'vamo', 'sa', 'vias', 'das', 'vare', 'pa', 'vãs', 'vê', 'aval', 'mar', 'vir', 'nana', 'mao', 'dane', 'xa', 'uva', 'saí'],0.0,0.0,0,0
['conteúdo'],['ûconteúdo'],[],['conteúdo'],['contendo', 'conteúdos', 'conteúdo', 'conteudo'],0.0,0.0,0,1
['seus'],['çeus'],[],['ceus'],['sues', 'baus', 'ves', 'véus', 'jus', 'repus', 'veus', 'seus', 'leis', 'gnus', 'des', 'els', 'menus', 'pus', 'deis', 'paus', 'deus', 'ceus', 'deusa', 'cus', 'res', 'anus', 'meu', 'pes', 'venus', 'vens', 'ônus', 'eua', 'íeis', 'onus', 'ateus', 'maus', 'jesus', 'céus', 'eu', 'eis', 'teu', 'reus', 'leu', 'nus', 'tens', 'perus', 'teus', 'pneus', 'reis', 'les', 'ceu', 'es', 'seu', 'meus', 'reu', 'bens', 'neusa', 'ieis', 'mes', 'adeus', 'opus', 'veu', 'deu', 'ânus', 'seis', 'réus', 'crus', 'depus'],0.0,0.0,0,0
['eu'],['eû'],[],['e'],['ti', 'etc', 'má', 'oh', 'ja', 'els', 'im', 'd', 'sei', 'eia', 'ze', 'res', 'ar', 'fe', 'po', 'dei', 'no', 'der', 'elo', 'teu', 'te', 'mel', 'fé', 'do', 'lei', 'ah', 'sê', 'xá', 'só', 'nem', 'tê', 'lá', 'ver', 'rei', 'ac', 'pó', 'vi', 'ele', 'há', 'ia', 'nu', 'ser', 'bc', 'as', 'lê', 'tez', 'tv', 'ue', 'ema', 'zé', 'ou', 'hem', 'os', 'meu', 'rã', 'vá', 'vem', 'ui', 'eva', 'cea', 'ao', 'ai', 'pe', 'les', 'es', 'dez', 'bem', 'hei', 'mes', 'lã', 'ha', 'lo', 'deu', 'era', 'so', 'um', 'ão', 'vez', 'ca', 'aí', 'oi', 'li', 'ves', 'xi', 'eco', 'vã', 'dó', 'des', 'sá', 'ih', 'fã', 'fez', 'pes', 'à', 'va', 'já', 'dá', 'ler', 'eu', 'mo', 'e', 'leu', 'o', 'sé', 'tu', 'pá', 'gea', 'ter', 'nó', 'às', 'sã', 'cu', 'se', 'tem', 'si', 'veu', 'cem', 'da', 've', 'ri', 'na', 'é', 'la', 'ma', 'cá', 'fa', 'per', 'ex', 'ra', 'a', 'ir', 'pé', 'ego', 'em', 'és', 'de', 'geá', 'ela', 'ceá', 'eua', 'sem', 'eis', 'ué', 'zen', 'le', 'nú', 'bel', 'sa', 'dê', 'ô', 'ceu', 'seu', 'pa', 'reu', 'vê', 'xa', 'uh', 'me'],0.0,0.0,0,0
['todos'],['todtos'],[],['todos'],['tidos', 'tratos', 'todo', 'hortos', 'modos', 'tortos', 'tornos', 'boatos', 'toscos', 'godos', 'votos', 'doutos', 'fotos', 'mortos', 'tostoes', 'rodos', 'tostas', 'pontos', 'tolos', 'tombos', 'postos', 'gostos', 'tetos', 'todos', 'textos', 'portos', 'tosto', 'toros', 'todas', 'contos', 'torto', 'rotos', 'coitos', 'touros', 'topos', 'tostes', 'soltos', 'tentos', 'tintos', 'toldos', 'motos', 'tortas', 'tantos', 'tonto', 'rostos', 'tedios', 'tédios', 'odios', 'tostou', 'tontas', 'podios', 'tontos'],0.0,0.0,0,1
['tempo'],['temeo'],[],['tememo'],['temer', 'teimo', 'geme', 'tememos', 'etereo', 'tomes', 'testo', 'remeto', 'terreo', 'temos', 'temes', 'gemei', 'teceu', 'tendo', 'tombo', 'gemeos', 'gememo', 'temam', 'temeis', 'tempero', 'timao', 'trememo', 'teles', 'times', 'tememo', 'tremeu', 'tampo', 'demão', 'tese', 'terço', 'treme', 'teime', 'demo', 'gemea', 'tedio', 'temermo', 'teremo', 'tenho', 'temem', 'ateemo', 'demao', 'tesão', 'tempos', 'tesao', 'teimemo', 'semen', 'tremem', 'time', 'vemo', 'semeá', 'teso', 'semeou', 'temera', 'remei', 'teres', 'terao', 'remôo', 'gemem', 'texto', 'terem', 'temor', 'tomo', 'terei', 'semeio', 'telão', 'temê', 'temi', 'gemes', 'rememo', 'remexo', 'teimem', 'tremo', 'leme', 'gemeu', 'remo', 'teimei', 'terno', 'teses', 'tempo', 'ceemo', 'femea', 'remoe', 'teimes', 'temerão', 'tenro', 'remem', 'semea', 'tecei', 'temia', 'templo', 'gemer', 'teve', 'aereo', 'tome', 'terão', 'tento', 'teme', 'termo', 'teço', 'temo', 'tem', 'tecemo', 'tomei', 'teclo', 'telao', 'temido', 'teces', 'terco', 'temerao', 'lemes', 'tecem', 'tomem', 'temerá', 'temamo', 'temendo', 'tece', 'atemo', 'teco', 'lemo', 'tenso', 'temas', 'tremei', 'remes', 'teto', 'geemo', 'remoo', 'tremes', 'temei', 'tomemo', 'reme', 'gemo', 'temeu', 'tema', 'timão', 'tele', 'gêmeo', 'tremer', 'tecer', 'gemeo'],0.0,0.0,0,0
['sempre'],['semre'],[],['sempre'],['lebre', 'semeá', 'temer', 'sofre', 'regre', 'segue', 'serrei', 'geme', 'serrá', 'leme', 'ser', 'germe', 'zere', 'fere', 'esmere', 'semeei', 'sente', 'sagre', 'será', 'serem', 'sedie', 'remoe', 'semen', 'sebe', 'serve', 'berre', 'supre', 'serres', 'serro', 'demore', 'medre', 'beire', 'sete', 'seque', 'cerre', 'some', 'serre', 'serei', 'sem', 'serie', 'serra', 'surre', 'gere', 'gemer', 'ferre', 'seara', 'verme', 'separe', 'sabre', 'serze', 'teme', 'semi', 'sare', 'lembre', 'sobre', 'reme', 'serrem', 'sopre', 'segure', 'seres', 'sera', 'sempre', 'sede', 'sele', 'semear', 'semea', 'sambe', 'erre', 'semeie', 'febre'],0.0,0.0,0,1
['qual'],['quakl'],[],['qual'],['qual', 'dual', 'quao', 'quase', 'quais'],0.0,0.0,0,1
['ela'],['elaá'],[],['ela'],['levá', 'eles', 'alas', 'els', 'legá', 'melá', 'selará', 'eia', 'laçá', 'pelai', 'elo', 'zela', 'zelará', 'velá', 'esaú', 'cla', 'emaná', 'esau', 'velai', 'melas', 'cela', 'aliá', 'lá', 'melao', 'nelas', 'elos', 'alagá', 'ele', 'olá', 'delas', 'pelas', 'ema', 'enlaçá', 'lerá', 'melam', 'planá', 'gela', 'eva', 'está', 'sela', 'lesá', 'gelam', 'selai', 'exalá', 'falá', 'selam', 'elon', 'era', 'zelam', 'zelá', 'delatá', 'belas', 'eras', 'pelá', 'pela', 'las', 'elmo', 'vela', 'telas', 'ilhá', 'eram', 'elevá', 'melai', 'alá', 'olhá', 'relaxá', 'relatá', 'gelá', 'velar', 'ala', 'leao', 'bela', 'selas', 'exará', 'zelar', 'telao', 'la', 'gelas', 'emas', 'lar', 'selá', 'pelará', 'melará', 'zelai', 'dela', 'lavá', 'gelar', 'celas', 'tela', 'mela', 'gelai', 'melar', 'ela', 'alçá', 'velam', 'eua', 'calá', 'nela', 'pelar', 'clas', 'ralá', 'elias', 'ola', 'velas', 'clamá', 'errá', 'enlatá', 'velará', 'gelará', 'zelas', 'leal', 'elas', 'selar', 'pelam', 'ecoá'],0.0,0.0,0,1
['só'],['síó'],[],['só'],['sol', 'pó', 'sôo', 'sbm', 'ser', 'dó', 'avó', 'sob', 'sas', 'sá', 'soe', 'som', 'sul', 'sao', 'sei', 'sos', 'pró', 'soá', 'são', 'sou', 'sem', 'soa', 'soo', 'suo', 'sós', 'sé', 'saía', 'sa', 'sãs', 'seu', 'sub', 'saís', 'nó', 'sã', 'se', 'si', 'sua', 'suá', 'sê', 'sal', 'sue', 'so', 'só', 'sim', 'sai', 'aí', 'saí'],0.0,0.0,0,1
['utilizar'],['utiqizar'],[],['utilizar'],['otimizar', 'utilizai', 'utilizas', 'utiliza', 'utilizará', 'utilizara', 'utilizar', 'utilizam'],0.0,0.0,0,1
['projeto'],['prhojeto'],[],['projeto'],['projete', 'projetou', 'projeta', 'projetos', 'projetá', 'projetor', 'projeto', 'prometo'],0.0,0.0,0,1
['site'],['siàe'],[],['asiàe'],['rife', 'uive', 'pie', 'dize', 'suje', 'pife', 'mije', 'mine', 'siri', 'vire', 'mie', 'fie', 'bide', 'vice', 'vide', 'fixe', 'soe', 'sido', 'sina', 'lide', 'siso', 'safe', 'vive', 'gire', 'sebe', 'sino', 'time', 'sei', 'sove', 'situe', 'some', 'ride', 'sape', 'dite', 'sete', 'file', 'nine', 'sobe', 'sole', 'ice', 'siao', 'sope', 'tire', 'sita', 'vise', 'sião', 'rime', 'sisme', 'silex', 'sare', 'mime', 'siga', 'lime', 'pise', 'mire', 'lixe', 'asile', 'se', 'sabe', 'sito', 'silo', 'sigo', 'si', 'sede', 'sele', 'sue', 'tive', 'ide', 'silve', 'sitie', 'fite', 'cite', 'sim', 'sane', 'tine'],0.0,100.0,0,0
['sem'],['seém'],[],['sem'],['selá', 'refém', 'secam', 'além', 'sbm', 'veem', 'ser', 'deem', 'seus', 'recém', 'suam', 'selem', 'leem', 'belém', 'som', 'será', 'serem', 'em', 'suem', 'sebe', 'sexo', 'sei', 'hem', 'detém', 'sebo', 'sete', 'seco', 'selo', 'atém', 'vem', 'sem', 'seca', 'seta', 'retém', 'saem', 'seio', 'secá', 'sé', 'soam', 'sela', 'semi', 'seno', 'soem', 'seu', 'seda', 'sim', 'sejam', 'bem', 'selim', 'se', 'amém', 'selam', 'tem', 'sera', 'cem', 'sede', 'sele', 'seis', 'avém', 'nem', 'neném', 'usem', 'seja'],0.0,0.0,0,1
['pelo'],['peln'],[],['pela'],['velo', 'pelou', 'apele', 'nele', 'els', 'pele', 'pula', 'relê', 'melá', 'peça', 'pelai', 'peso', 'peco', 'elo', 'pega', 'zela', 'pulo', 'perna', 'peao', 'mel', 'pule', 'velá', 'prelo', 'peço', 'cela', 'reli', 'ele', 'jean', 'pená', 'pegá', 'pera', 'vele', 'pejo', 'apela', 'pelas', 'pecá', 'pólo', 'penal', 'selo', 'pego', 'gela', 'peles', 'mele', 'sela', 'pelos', 'pe', 'pelem', 'elon', 'peru', 'pena', 'sele', 'pesá', 'zelá', 'gelo', 'pelá', 'pela', 'belo', 'peão', 'peano', 'vela', 'pes', 'pese', 'zelo', 'pesa', 'pêlo', 'gelá', 'rele', 'bela', 'poli', 'zele', 'pelei', 'selá', 'per', 'dela', 'gele', 'apelo', 'pede', 'tela', 'mela', 'polo', 'ela', 'pulá', 'plena', 'nela', 'melo', 'apelá', 'pelar', 'zen', 'pelo', 'peca', 'bel', 'pleno', 'pedi', 'dele', 'peno', 'pene', 'tele', 'pelam'],0.0,0.0,0,0
['alura'],['aléra'],[],['aaléra'],['avira', 'aloura', 'alada', 'além', 'aldea', 'ultra', 'atura', 'apura', 'alça', 'aura', 'valera', 'lavra', 'alcar', 'amora', 'alca', 'calara', 'alvara', 'alçara', 'alma', 'lera', 'aflora', 'ara', 'altar', 'alhea', 'alega', 'ralara', 'altura', 'abra', 'alvura', 'alva', 'aluda', 'agira', 'aclara', 'alisa', 'alia', 'alcara', 'angra', 'falara', 'afora', 'atira', 'apara', 'aluga', 'alija', 'afira', 'aloja', 'aloca', 'atara', 'alarma', 'aliar', 'falira', 'alema', 'alegra', 'ala', 'flora', 'alerta', 'lira', 'lacra', 'clara', 'aluna', 'atera', 'azara', 'balira', 'ladra', 'alga', 'alçar', 'adira', 'alaga', 'alarga', 'adora', 'agora', 'altera', 'arara', 'aérea', 'galera', 'avara', 'laura', 'aliara', 'altea', 'atéia', 'amara', 'alta', 'alfa'],0.0,100.0,0,0
['dia'],['tdia'],[],['dia'],['ti', 'ardia', 'tua', 'leia', 'cedia', 'teria', 'tora', 'adiá', 'troia', 'feia', 'pia', 'tróia', 'traia', 'mia', 'tola', 'eia', 'tera', 'diga', 'taipa', 'iria', 'tendia', 'toga', 'tardia', 'teima', 'edita', 'tona', 'toma', 'vaia', 'tédio', 'teça', 'tira', 'maia', 'adida', 'cuia', 'fedia', 'toda', 'judia', 'lida', 'trio', 'chia', 'topa', 'doia', 'ódio', 'ária', 'tedio', 'ia', 'ásia', 'teias', 'tida', 'ria', 'afia', 'roia', 'índia', 'dita', 'india', 'tais', 'odiar', 'agia', 'titia', 'tala', 'etnia', 'odeia', 'radia', 'tido', 'tita', 'tecia', 'alia', 'taca', 'moia', 'urdia', 'azia', 'mídia', 'ceia', 'avia', 'adis', 'dica', 'tripa', 'caia', 'via', 'lia', 'teta', 'doa', 'média', 'geia', 'dai', 'bóia', 'odia', 'adiai', 'cria', 'fia', 'tibia', 'diva', 'adias', 'adie', 'tias', 'teia', 'odiai', 'media', 'temia', 'tosa', 'vadia', 'tíbia', 'asia', 'jóia', 'adia', 'meia', 'tio', 'odio', 'adir', 'taba', 'da', 'toca', 'boia', 'idéia', 'sedia', 'trina', 'ateia', 'trai', 'pedia', 'unia', 'teca', 'adira', 'baia', 'dira', 'guia', 'raia', 'tela', 'adi', 'dia', 'aia', 'odiá', 'taça', 'adiu', 'dias', 'tidas', 'ruia', 'tara', 'fria', 'taxa', 'ida', 'sadia', 'vida', 'diz', 'tinia', 'haia', 'podia', 'saia', 'tina', 'aria', 'tapa', 'tupa', 'veia', 'ideia', 'tesa', 'joia', 'atéia', 'tia', 'tema', 'adiam', 'midia', 'adio', 'adita', 'adiar'],0.0,0.0,0,1
['tudo'],['tuúo'],[],['tubo'],['turvo', 'muco', 'tua', 'judo', 'turco', 'puxo', 'toco', 'humo', 'taxo', 'bufo', 'tusso', 'sujo', 'duro', 'cuco', 'tutor', 'pulo', 'subo', 'huno', 'rumo', 'tato', 'tumor', 'tudo', 'trio', 'cubo', 'duto', 'tupi', 'tolo', 'taco', 'rujo', 'buxo', 'jugo', 'teso', 'uno', 'nulo', 'tido', 'tiro', 'fumo', 'tino', 'bulo', 'luxo', 'ouco', 'tomo', 'duo', 'tao', 'auto', 'furo', 'mudo', 'aturo', 'fuço', 'tapo', 'ouro', 'truco', 'quão', 'tufão', 'luto', 'puno', 'juro', 'puto', 'tufao', 'touro', 'tito', 'talo', 'tipo', 'tu', 'luso', 'tubos', 'tio', 'teço', 'temo', 'atuo', 'mujo', 'toso', 'ouço', 'tifo', 'todo', 'topo', 'turno', 'quao', 'guio', 'tupã', 'fujo', 'ouso', 'cujo', 'tubo', 'supo', 'rufo', 'suco', 'teco', 'curo', 'muro', 'sumo', 'tuas', 'toro', 'rugo', 'suo', 'fuco', 'teto', 'turbo', 'tupa', 'fuso', 'zuno', 'luzo', 'sugo', 'puro', 'uso', 'tão'],0.0,0.0,0,0
['podemos'],['kpodemos'],[],['podemos'],['podermos', 'apoiemos', 'oporemos', 'podemos', 'rodemos', 'pudemos', 'poremos', 'posemos', 'podemo', 'podamos'],0.0,0.0,0,1
['esse'],['eẽsse'],[],['esse'],['risse', 'tosse', 'geasse', 'cesse', 'casse', 'desse', 'disse', 'visse', 'asse', 'nesse', 'fosse', 'posse', 'este', 'essa', 'esse', 'ceasse', 'lesse', 'esses', 'passe'],0.0,0.0,0,1
['já'],['jé'],['já'],['é'],[],100.0,0.0,1,0
['nosso'],['nçosso'],[],['nosso'],['nossa', 'nosso', 'acosso', 'insosso', 'endosso', 'aposso', 'osso', 'posso', 'nossos', 'grosso', 'fosso', 'vosso', 'nisso'],0.0,0.0,0,1
['são'],['sãô'],[],['sã'],['sãos', 'sol', 'supô', 'sôo', 'vã', 'sbm', 'opô', 'ser', 'mãe', 'sob', 'sas', 'sá', 'soe', 'som', 'alô', 'sul', 'mão', 'dão', 'sao', 'fã', 'lãs', 'sei', 'sos', 'soá', 'rã', 'são', 'sou', 'sem', 'cão', 'soa', 'soo', 'hão', 'suo', 'vão', 'sós', 'saí', 'sião', 'sé', 'sa', 'sãs', 'ô', 'seu', 'vãs', 'sai', 'sã', 'se', 'si', 'sua', 'suá', 'lã', 'sê', 'sue', 'sal', 'pão', 'so', 'tão', 'só', 'fãs', 'sim', 'ão', 'sub', 'não', 'avô'],0.0,0.0,0,0
['dos'],['odos'],[],['godos'],['tidos', 'aos', 'aros', 'jogos', 'dois', 'gomos', 'polos', 'ânodos', 'amos', 'dados', 'exodos', 'idoso', 'doe', 'caos', 'ouros', 'fados', 'bodes', 'pios', 'soldos', 'oboe', 'ides', 'odes', 'podo', 'socos', 'rotos', 'dom', 'rodou', 'gordos', 'gados', 'topos', 'lidos', 'roidos', 'roxos', 'toldos', 'atos', 'dedos', 'moidos', 'poços', 'robos', 'do', 'doá', 'odios', 'oxidos', 'oboé', 'ovo', 'êxodos', 'dês', 'gôdos', 'podios', 'iodo', 'oleos', 'elos', 'idas', 'odor', 'podes', 'opôs', 'oco', 'bodas', 'ossos', 'pomos', 'mudos', 'ovos', 'godos', 'roídos', 'modas', 'ode', 'soros', 'eros', 'oras', 'os', 'doso', 'toros', 'laos', 'rogos', 'onus', 'copos', 'podou', 'opoes', 'mos', 'doados', 'doi', 'dás', 'odioso', 'ocas', 'does', 'idosa', 'gozos', 'nodoso', 'ódios', 'motos', 'adis', 'saos', 'ocos', 'mocos', 'rodo', 'povos', 'doa', 'diodos', 'mãos', 'foros', 'opus', 'coados', 'lodoso', 'pocos', 'cocos', 'doas', 'olhos', 'dos', 'apos', 'ecos', 'dosá', 'moços', 'odia', 'modos', 'doou', 'ois', 'dose', 'fofos', 'des', 'maos', 'pos', 'lados', 'bolos', 'lodosa', 'vovos', 'sonos', 'lhos', 'todos', 'ores', 'doídos', 'todas', 'novos', 'doí', 'vãos', 'donos', 'doê', 'usos', 'somos', 'lobos', 'rodas', 'ido', 'oro', 'vos', 'fomos', 'medos', 'odio', 'dou', 'dor', 'anos', 'tios', 'opoe', 'moídos', 'coros', 'sãos', 'doo', 'todo', 'rolos', 'avos', 'poros', 'nodosa', 'rodes', 'opos', 'fogos', 'ouso', 'dosa', 'bobos', 'votos', 'odiou', 'odiá', 'anodos', 'nodoa', 'fotos', 'rodos', 'nodoas', 'tolos', 'doidos', 'focos', 'sos', 'modo', 'osso', 'nos', 'momos', 'vaos', 'lodo', 'dons', 'voos', 'odiosa', 'ondas', 'podas', 'odores', 'das', 'coxos', 'vôos', 'solos', 'opor', 'fios', 'idos', 'orou', 'los', 'opo', 'rios', 'godo'],0.0,0.0,0,0
['muito'],['tuito'],[],['tito'],['leito', 'turvo', 'teimo', 'titã', 'turco', 'omito', 'quite', 'furto', 'culto', 'testo', 'jeito', 'unto', 'imito', 'tusso', 'tutor', 'mito', 'atrito', 'êxito', 'rito', 'tato', 'tudo', 'deito', 'trio', 'quisto', 'guizo', 'duto', 'custo', 'multo', 'brito', 'tirito', 'tanto', 'tido', 'tiro', 'tita', 'tino', 'busto', 'peito', 'texto', 'dueto', 'agito', 'trino', 'auto', 'muita', 'coito', 'surto', 'quitou', 'muito', 'evito', 'tacito', 'frito', 'adito', 'trico', 'tufão', 'luto', 'troto', 'dito', 'junto', 'intuito', 'uivo', 'puto', 'tufao', 'muitos', 'torto', 'tito', 'suino', 'tipo', 'tácito', 'titio', 'tento', 'obito', 'tio', 'tribo', 'oito', 'cito', 'ruido', 'sito', 'quitá', 'egito', 'grito', 'tifo', 'edito', 'trigo', 'feito', 'fito', 'gueto', 'turno', 'guio', 'cuido', 'tumido', 'apito', 'exito', 'ruivo', 'quita', 'trato', 'susto', 'tubo', 'quilo', 'vulto', 'ruimo', 'juizo', 'curto', 'tosto', 'quinto', 'tinto', 'sudito', 'emito', 'quito', 'teto', 'suico', 'turbo', 'subito', 'tonto', 'justo', 'quieto', 'óbito'],0.0,0.0,0,0
['imagem'],['imõgem'],['imagem'],['imagem'],[],100.0,0.0,1,1
['sua'],['siua'],[],['situa'],['acua', 'sutia', 'tua', 'siria', 'nina', 'lisa', 'situá', 'rua', 'pia', 'seiva', 'sina', 'siso', 'sigam', 'figa', 'situe', 'mia', 'agua', 'eia', 'cima', 'sova', 'saiba', 'viva', 'diga', 'égua', 'riu', 'soa', 'suica', 'água', 'frua', 'siao', 'viuva', 'situai', 'sita', 'situa', 'sião', 'biga', 'fila', 'sigma', 'eira', 'anua', 'tira', 'rija', 'atua', 'ica', 'suma', 'cuia', 'saira', 'miuda', 'mira', 'suai', 'lida', 'silva', 'ésima', 'fixa', 'sitas', 'rita', 'isla', 'saga', 'ia', 'ásia', 'sauda', 'tida', 'pipa', 'ria', 'nua', 'mica', 'seus', 'simula', 'dita', 'rira', 'bica', 'pica', 'soja', 'sisuda', 'sino', 'situam', 'sitia', 'gira', 'sifao', 'viga', 'asila', 'seta', 'tita', 'suar', 'suja', 'saca', 'sela', 'sigla', 'saía', 'siga', 'dica', 'via', 'sousa', 'lia', 'sana', 'seita', 'soma', 'sara', 'pua', 'situar', 'saida', 'usina', 'pira', 'sai', 'rima', 'soda', 'egua', 'ripa', 'siri', 'fia', 'vira', 'subia', 'diva', 'fica', 'sul', 'lixa', 'isca', 'sinas', 'crua', 'sou', 'seca', 'saiu', 'asia', 'fira', 'sopa', 'psiu', 'simao', 'fita', 'sauna', 'sala', 'situo', 'uiva', 'ima', 'suina', 'iça', 'rica', 'lira', 'sito', 'silo', 'sigo', 'fina', 'sera', 'si', 'mija', 'situas', 'sinta', 'suba', 'sim', 'sub', 'sofa', 'seja', 'lua', 'pifa', 'sirza', 'dira', 'suam', 'guia', 'dilua', 'sata', 'dia', 'liga', 'aia', 'sumia', 'rifa', 'sido', 'sisma', 'viu', 'sola', 'ruia', 'sinuca', 'vila', 'ida', 'sauva', 'eua', 'pisa', 'vida', 'esima', 'safa', 'usa', 'suga', 'soca', 'suo', 'lima', 'saia', 'tina', 'souza', 'mina', 'sinal', 'sa', 'rixa', 'mima', 'seu', 'sigas', 'seda', 'ira', 'visa', 'flua', 'tia', 'cita', 'sua', 'suá', 'sue', 'sirva', 'suas'],0.0,0.0,0,0
['também'],['tamvbém'],['também'],['também'],[],100.0,0.0,1,1
['ele'],['elpe'],[],['ele'],['elipse', 'eles', 'elos', 'lese', 'etipe', 'ele', 'gele', 'dope', 'alce', 'expô', 'vele', 'elmo', 'golpe', 'nele', 'leve', 'culpe', 'els', 'olhe', 'pele', 'rape', 'alpes', 'tope', 'felipe', 'ela', 'etípe', 'sape', 'ilhe', 'cape', 'elege', 'ecoe', 'lhe', 'ente', 'elo', 'mele', 'sope', 'tape', 'eleve', 'expoe', 'le', 'este', 'despe', 'expõe', 'rele', 'pe', 'pape', 'expo', 'esse', 'expie', 'dele', 'lede', 'tele', 'elon', 'elas', 'elixe', 'sele', 'espie', 'alie', 'elite', 'erre', 'zele', 'leme'],0.0,0.0,0,1
['fazer'],['façzer'],[],['fazer'],['afazer', 'faze', 'jazer', 'fizer', 'fazes', 'fazei', 'fazer', 'fazem', 'lazer'],0.0,0.0,0,1
['temos'],['teos'],[],['temos'],['tidos', 'aos', 'aros', 'itens', 'amos', 'terços', 'caos', 'becos', 'topes', 'els', 'testo', 'tomes', 'selos', 'temos', 'pios', 'temes', 'terá', 'res', 'tecas', 'depos', 'tera', 'íeis', 'trevos', 'peso', 'lemos', 'tiros', 'ceou', 'topos', 'teu', 'te', 'teles', 'tens', 'teus', 'óleos', 'uteros', 'atos', 'dedos', 'teça', 'ieis', 'teores', 'seis', 'nexos', 'tese', 'oleos', 'elos', 'roes', 'atemos', 'teias', 'retos', 'soes', 'ovos', 'teor', 'seus', 'tez', 'tais', 'ateou', 'tesão', 'tempos', 'tesao', 'eros', 'textos', 'os', 'teloes', 'toros', 'moes', 'tensos', 'laos', 'tenor', 'teso', 'ateus', 'mos', 'toses', 'teres', 'sexos', 'telaos', 'netos', 'does', 'pelos', 'tentos', 'tras', 'trenos', 'les', 'es', 'temor', 'seios', 'tao', 'bens', 'ocos', 'meus', 'saos', 'trens', 'teta', 'mes', 'temê', 'mãos', 'temi', 'tenros', 'ateis', 'dos', 'apos', 'poes', 'ecos', 'ves', 'meios', 'telãos', 'teses', 'veus', 'tres', 'leis', 'teras', 'des', 'tom', 'maos', 'remos', 'tosá', 'pos', 'tecê', 'sebos', 'meros', 'deis', 'telas', 'termos', 'ceus', 'lhos', 'tias', 'todos', 'pes', 'teia', 'vens', 'trios', 'belos', 'tosa', 'três', 'rios', 'tipos', 'teve', 'demos', 'voes', 'ates', 'vãos', 'usos', 'ternos', 'teças', 'secos', 'teme', 'úteis', 'repos', 'vos', 'tubos', 'leso', 'menos', 'texas', 'medos', 'tio', 'ter', 'teço', 'leoes', 'peoes', 'teci', 'temo', 'anos', 'tem', 'tios', 'toso', 'tensa', 'tetas', 'tear', 'teces', 'coes', 'trecos', 'sãos', 'gelos', 'pesos', 'vemos', 'tesos', 'fetos', 'atens', 'avos', 'teca', 'opos', 'tela', 'leoas', 'trás', 'deus', 'tolos', 'tece', 'sos', 'teco', 'tetos', 'tenis', 'geou', 'nos', 'zeros', 'vaos', 'tercos', 'tuas', 'uteis', 'tesas', 'feios', 'tenso', 'voos', 'tons', 'temas', 'eis', 'cegos', 'terás', 'talos', 'tacos', 'reus', 'senos', 'teto', 'reis', 'vôos', 'tose', 'tesa', 'tedios', 'tema', 'ítens', 'tele', 'fios', 'idos', 'úteros', 'los', 'tão', 'leoa'],0.0,0.0,0,1
['essa'],['eũsa'],[],['essa'],['versa', 'egua', 'elisa', 'eras', 'gusa', 'rasa', 'esta', 'essas', 'dessa', 'lisa', 'dosa', 'els', 'ursa', 'ema', 'rosa', 'erva', 'nessa', 'deusa', 'etna', 'ela', 'eia', 'pisa', 'eua', 'tosa', 'densa', 'usa', 'pesa', 'eva', 'lusa', 'eis', 'posa', 'asa', 'ezra', 'erga', 'sa', 'eira', 'lesa', 'essa', 'erra', 'es', 'esse', 'neusa', 'tesa', 'visa', 'mesa', 'musa', 'casa', 'esaú', 'pensa', 'elas', 'assa', 'era', 'tensa', 'esau', 'ecoa', 'cosa', 'cessa', 'persa', 'emas', 'ousa'],0.0,0.0,0,1
['quando'],['quaìdo'],[],['quando'],['quarto', 'suado', 'quao', 'quadro', 'quanto', 'quedo', 'suando', 'quando', 'guardo', 'quatro'],0.0,0.0,0,1
['vamos'],['vjmos'],[],['vamos'],['vamos', 'vemos', 'vejamos', 'vasos', 'gomos', 'amos', 'pomos', 'gamos', 'mimos', 'votos', 'virmos', 'viamos', 'remos', 'valos', 'elmos', 'rimos', 'temos', 'vovos', 'voemos', 'iamos', 'damos', 'vemo', 'voamos', 'víamos', 'vivos', 'viemos', 'vaos', 'lemos', 'momos', 'mos', 'voos', 'demos', 'vãos', 'avimos', 'vimos', 'somos', 'ajamos', 'vimo', 'vamo', 'fomos', 'vos', 'irmos', 'íamos', 'vôos', 'vagos', 'vermos', 'rumos', 'ramos', 'ermos'],0.0,0.0,0,1
['sobre'],['sxobre'],[],['sobre'],['soçobre', 'sofre', 'sopre', 'sobro', 'socobre', 'sobres', 'dobre', 'sobrei', 'sabre', 'sobrem', 'pobre', 'sobra', 'nobre', 'sobre', 'sobrá', 'cobre', 'sobe'],0.0,0.0,0,1
['java'],['jkva'],[],['java'],['deva', 'jaza', 'java', 'ja', 'jura', 'cova', 'diva', 'fava', 'jeca', 'jota', 'joça', 'erva', 'alva', 'sova', 'viva', 'neva', 'joga', 'lava', 'va', 'eva', 'javé', 'jóia', 'mova', 'juba', 'uiva', 'nova', 'dava', 'joia', 'luva', 'juta', 'leva', 'jave', 'jaca', 'joca', 'uva', 'cava'],0.0,0.0,0,1
['das'],['dms'],[],['das'],['pós', 'aos', 'amá', 'dois', 'amos', 'vás', 'domes', 'má', 'doe', 'dar', 'els', 'doma', 'más', 'im', 'd', 'has', 'uns', 'ides', 'odes', 'res', 'fas', 'dao', 'dôo', 'dome', 'dei', 'der', 'dom', 'vas', 'dum', 'duas', 'uma', 'pás', 'ímãs', 'dais', 'do', 'doá', 'gas', 'dês', 'ames', 'fãs', 'demo', 'idas', 'rês', 'nús', 'jus', 'as', 'sas', 'duma', 'vês', 'ema', 'ias', 'daí', 'amo', 'domo', 'cus', 'os', 'doso', 'me', 'mos', 'doi', 'dás', 'ais', 'nus', 'does', 'nas', 'dama', 'sãs', 'duns', 'les', 'es', 'duo', 'adis', 'mês', 'dez', 'mes', 'doa', 'gás', 'deu', 'dai', 'doas', 'vós', 'um', 'dos', 'mdc', 'dosá', 'mas', 'dumas', 'ves', 'las', 'dose', 'dó', 'ois', 'des', 'hás', 'pos', 'damo', 'pus', 'deis', 'damos', 'pes', 'imas', 'dá', 'doí', 'umas', 'demos', 'pôs', 'doê', 'mo', 'ris', 'ima', 'vos', 'damas', 'dou', 'às', 'dor', 'ama', 'da', 'emas', 'ame', 'ma', 'pas', 'doo', 'bis', 'vis', 'pés', 'nós', 'dosa', 'domá', 'dia', 'rés', 'dão', 'deus', 'lãs', 'dias', 'em', 'de', 'sos', 'és', 'nos', 'diz', 'dons', 'eis', 'dói', 'sós', 'lês', 'dê', 'das', 'vãs', 'domas', 'idos', 'los', 'amas', 'ímã'],0.0,0.0,0,1
['agora'],['agtora'],[],['agora'],['autora', 'anfora', 'adutora', 'tora', 'agiota', 'aguara', 'arvora', 'altura', 'agoura', 'motora', 'ignora', 'adora', 'agora', 'fatora', 'atara', 'agarra', 'altera', 'atura', 'agitara', 'pastora', 'agira', 'amora', 'ator', 'ancora', 'cantora', 'autoras', 'aftosa', 'autoral', 'agrura', 'atona', 'aflora', 'afora', 'atira', 'atola', 'gora', 'autor', 'autoria', 'atera', 'aurora'],0.0,0.0,0,1
['está'],['esútá'],[],['está'],['estás', 'está', 'desatá', 'sentá', 'escutá', 'este', 'esta', 'esgotá', 'restá', 'escoá', 'evitá', 'hesitá', 'editá', 'espetá', 'espiá', 'ejetá', 'testá'],0.0,0.0,0,1
['cada'],['cava'],[],['icava'],['cota', 'acua', 'acuava', 'cravam', 'chata', 'rata', 'erva', 'calai', 'doava', 'orava', 'gaja', 'mata', 'cair', 'ana', 'cavia', 'nova', 'maca', 'maia', 'cabê', 'coma', 'leva', 'crava', 'chia', 'ave', 'afa', 'sacava', 'miava', 'lacava', 'vaza', 'saúva', 'fiava', 'caias', 'carta', 'chave', 'cavas', 'cea', 'cavamo', 'calda', 'saca', 'taca', 'cavada', 'dama', 'icavas', 'caiar', 'nave', 'avia', 'clavas', 'caia', 'piava', 'cavar', 'içava', 'lave', 'cavais', 'caju', 'cassa', 'cavoca', 'mana', 'lavar', 'havê', 'carao', 'diva', 'cama', 'focava', 'calas', 'cabia', 'neva', 'va', 'usava', 'cravai', 'davam', 'javé', 'cepa', 'cravo', 'havia', 'sala', 'cena', 'cavou', 'cate', 'caie', 'chapa', 'cravar', 'arcava', 'naja', 'cala', 'amava', 'calo', 'lata', 'caçar', 'mama', 'voava', 'aia', 'cansa', 'cegava', 'lapa', 'cale', 'caras', 'gata', 'atava', 'capas', 'catas', 'fucava', 'fara', 'bicava', 'fada', 'cavam', 'lavam', 'gala', 'aval', 'casa', 'laça', 'ceava', 'capaz', 'clama', 'achava', 'mapa', 'calva', 'cavem', 'chova', 'covas', 'caiai', 'sova', 'lavra', 'cagar', 'cabra', 'canaã', 'locava', 'mova', 'gama', 'favo', 'vaga', 'citava', 'cuia', 'cela', 'ara', 'gana', 'ceara', 'saga', 'cacas', 'cai', 'papa', 'caem', 'caí', 'capar', 'cao', 'cavaco', 'caço', 'capai', 'lavo', 'coaxa', 'cola', 'cavara', 'cato', 'sana', 'sara', 'chiava', 'canga', 'cace', 'avô', 'zaga', 'coçava', 'coavam', 'cria', 'baba', 'cacam', 'cauta', 'cagai', 'arava', 'caiba', 'pecava', 'crua', 'caçava', 'cacai', 'caís', 'cura', 'xara', 'cega', 'coada', 'copa', 'nada', 'ala', 'caçá', 'davi', 'calava', 'taba', 'para', 'caviai', 'aba', 'caio', 'corava', 'criava', 'caiava', 'raca', 'lavá', 'catá', 'cuba', 'acaia', 'baia', 'sata', 'cora', 'pavao', 'lavai', 'café', 'casava', 'raiva', 'tara', 'ecoava', 'suava', 'tacava', 'cana', 'lavas', 'caes', 'gaga', 'dava', 'casas', 'catam', 'fama', 'caías', 'jaca', 'uva', 'capua', 'data', 'carla', 'casar', 'cha', 'cavias', 'lama', 'cima', 'capo', 'viva', 'calar', 'cavado', 'caçam', 'capava', 'colava', 'cave', 'acha', 'socava', 'caíra', 'cata', 'canta', 'naval', 'curva', 'dada', 'brava', 'cauda', 'caida', 'alva', 'coava', 'capô', 'maça', 'carvao', 'casal', 'cavará', 'ceia', 'chama', 'caiá', 'cosa', 'iara', 'calca', 'chuva', 'camas', 'caviam', 'caviá', 'cova', 'vaca', 'coeva', 'cal', 'cavo', 'casá', 'icava', 'asa', 'cacava', 'geava', 'coça', 'salva', 'uiva', 'larva', 'caira', 'rocava', 'coa', 'cano', 'cavava', 'caía', 'cagá', 'cadê', 'clara', 'cagas', 'capta', 'icavam', 'catar', 'rasa', 'cara', 'paga', 'cabe', 'raia', 'caco', 'faça', 'caças', 'caça', 'acaba', 'rapa', 'cravá', 'casca', 'calça', 'calvo', 'safa', 'sauva', 'cagava', 'casta', 'capá', 'gaba', 'haia', 'saia', 'tapa', 'calvas', 'ficava', 'cita', 'ceda', 'nana', 'ata', 'cago', 'bata', 'escava', 'caçai', 'aja', 'coara', 'caro', 'calha', 'chavao', 'orcava', 'ceavas', 'coza', 'caos', 'fava', 'cavá', 'cocava', 'capa', 'cuja', 'caspa', 'cade', 'cravas', 'rala', 'icara', 'vaia', 'caso', 'cacao', 'cativa', 'cla', 'jave', 'laca', 'canaa', 'fala', 'caixa', 'cacar', 'cavei', 'curava', 'deva', 'raja', 'faca', 'java', 'cacoa', 'calam', 'tala', 'trava', 'davas', 'dana', 'picava', 'bala', 'carga', 'eva', 'cavai', 'carpa', 'canal', 'cavio', 'catai', 'catava', 'cavie', 'saía', 'favas', 'luva', 'coca', 'canas', 'pata', 'have', 'casai', 'ca', 'haja', 'jaza', 'caída', 'caves', 'alcava', 'nata', 'calma', 'criva', 'icada', 'cotava', 'vara', 'vala', 'ceavam', 'grava', 'caviar', 'avo', 'cape', 'cera', 'cais', 'chaga', 'coxa', 'coaja', 'casam', 'chavea', 'caçoa', 'ama', 'causa', 'secava', 'case', 'cafe', 'caiu', 'tocava', 'cava', 'cada', 'mala', 'cavalo', 'caca', 'dara', 'avó', 'taça', 'coavas', 'canoa', 'baga', 'raça', 'baía', 'caiam', 'capam', 'taxa', 'soava', 'caíam', 'catia', 'calá', 'lava', 'cabo', 'caga', 'canja', 'rara', 'cuca', 'acata', 'clava', 'cagam', 'crave'],0.0,0.0,0,0
['mesmo'],['medmo'],[],['medimo'],['medido', 'teimo', 'meto', 'cedamo', 'fedemo', 'medrá', 'mexemo', 'mamo', 'mediamo', 'medirmo', 'esmo', 'pedro', 'dermo', 'mediou', 'metemo', 'medra', 'medis', 'ermo', 'mexamo', 'mediemo', 'mesmo', 'mimo', 'medramo', 'melao', 'demo', 'medrou', 'tedio', 'medito', 'fedamo', 'dedão', 'dedao', 'mudamo', 'melamo', 'médio', 'vemo', 'medre', 'redimo', 'medico', 'mecamo', 'cedo', 'mexo', 'medes', 'meco', 'medeio', 'meçamo', 'amemo', 'medem', 'mudo', 'mediu', 'dedo', 'remo', 'meno', 'medo', 'pedimo', 'vedamo', 'elmo', 'melemo', 'medi', 'moermo', 'ceemo', 'meço', 'vedo', 'geamo', 'mero', 'miamo', 'media', 'meiao', 'melão', 'mesma', 'mede', 'medio', 'medro', 'meigo', 'ceamo', 'termo', 'medimo', 'medos', 'miemo', 'temo', 'melro', 'metamo', 'medremo', 'cedemo', 'sedio', 'meião', 'moemo', 'momo', 'modo', 'lemo', 'moamo', 'medir', 'meio', 'melo', 'vedemo', 'medios', 'metro', 'cedro', 'geemo', 'gemo', 'mesmos', 'lermo', 'medimos', 'mudemo', 'fedo', 'mediá'],0.0,0.0,0,0
['nos'],['ános'],[],['nos'],['aos', 'aros', 'amos', 'sons', 'caos', 'pios', 'anas', 'uns', 'unes', 'pinos', 'no', 'atos', 'anjos', 'anis', 'elos', 'nús', 'ovos', 'gnus', 'ágios', 'eros', 'os', 'laos', 'uno', 'onus', 'asnos', 'mos', 'canos', 'nus', 'nas', 'manos', 'saos', 'ocos', 'mãos', 'anás', 'ânus', 'dos', 'apos', 'ecos', 'hunos', 'hinos', 'maos', 'pos', 'bons', 'sinos', 'ano', 'sonos', 'lhos', 'ines', 'vãos', 'donos', 'usos', 'danos', 'vos', 'menos', 'anos', 'tios', 'sãos', 'avos', 'nós', 'opos', 'finos', 'sos', 'anus', 'nos', 'unas', 'ônus', 'vaos', 'dons', 'anãs', 'tons', 'voos', 'senos', 'inês', 'anoes', 'vôos', 'átonos', 'fios', 'idos', 'panos', 'los', 'rios', 'unis', 'noz'],0.0,0.0,0,1
['forma'],['forûa'],[],['fora'],['tora', 'horda', 'floria', 'porca', 'formar', 'corça', 'pora', 'fúria', 'ferra', 'orla', 'fossa', 'torça', 'forças', 'orfa', 'formo', 'frua', 'morda', 'forcai', 'torca', 'orça', 'ferva', 'formao', 'sorta', 'força', 'forra', 'formá', 'fosca', 'corôa', 'forcas', 'furna', 'borra', 'forjam', 'firma', 'folga', 'forno', 'fores', 'forçai', 'folha', 'formai', 'florea', 'fofa', 'jorra', 'forme', 'forco', 'folia', 'forjo', 'forre', 'féria', 'furia', 'fera', 'sorva', 'corda', 'forçá', 'afora', 'forte', 'farta', 'foros', 'aorta', 'forrá', 'forrar', 'morta', 'forca', 'fura', 'farsa', 'borba', 'forjar', 'forja', 'forjá', 'forje', 'fôrça', 'forcam', 'fobia', 'borda', 'hora', 'forem', 'forçar', 'forjai', 'forçam', 'orca', 'fira', 'mora', 'for', 'morna', 'forram', 'frota', 'flora', 'farda', 'horta', 'force', 'corja', 'formas', 'torra', 'forcar', 'frea', 'foram', 'porta', 'farra', 'faria', 'foca', 'morra', 'torna', 'forrai', 'coroa', 'forço', 'forjas', 'feria', 'gorda', 'cora', 'forras', 'corca', 'fora', 'formam', 'torta', 'fria', 'foras', 'morsa', 'furta', 'nora', 'poria', 'forum', 'norma', 'forro', 'fara', 'formal', 'corta', 'ora', 'orna', 'farpa', 'gora', 'foro', 'porra', 'corra', 'forma'],0.0,0.0,0,0
['seja'],['smeja'],[],['seja'],['amena', 'mexa', 'esmera', 'semeia', 'meca', 'mela', 'areja', 'meta', 'soja', 'eleja', 'surja', 'semea', 'mera', 'almeja', 'seca', 'ameia', 'esteja', 'sejas', 'meça', 'seta', 'sobeja', 'suja', 'sela', 'meia', 'sueca', 'veja', 'seda', 'sejam', 'muja', 'mesa', 'omega', 'sera', 'mija', 'ameca', 'reja', 'ameça', 'ameba', 'seja'],0.0,0.0,0,1
['então'],['enjtão'],[],['então'],['antão', 'entôo', 'entoo', 'entao', 'entro', 'estão', 'então', 'enjoo', 'enjôo'],0.0,0.0,0,1
['criar'],['criôar'],[],['criar'],['primar', 'criará', 'grilar', 'ericar', 'crivai', 'gritar', 'cria', 'cremar', 'cruzar', 'rifar', 'cromar', 'criva', 'criam', 'rimar', 'citar', 'ceifar', 'crivas', 'crivará', 'crias', 'criar', 'crivam', 'crismar', 'chiar', 'eriçar', 'crinas', 'clicar', 'cuidar', 'crivar', 'caiar', 'urinar', 'privar', 'criara', 'brigar', 'crina', 'cravar', 'frisar', 'grifar', 'criai', 'crivara', 'fritar'],0.0,0.0,0,1
['código'],['cóàigo'],[],['código'],['códigos', 'codigo', 'código', 'comigo'],0.0,0.0,0,1
['caso'],['èaso'],[],['caso'],['aos', 'vasos', 'lago', 'basto', 'casso', 'caos', 'mamo', 'vaso', 'gago', 'siso', 'paço', 'taxo', 'has', 'asno', 'valo', 'fas', 'capo', 'dao', 'gabo', 'pano', 'ralo', 'peso', 'paco', 'vas', 'jazo', 'balo', 'canso', 'mano', 'caso', 'vasto', 'favo', 'rajo', 'vazo', 'gamo', 'tato', 'gas', 'dano', 'bato', 'fato', 'lapso', 'aço', 'casos', 'bafo', 'liso', 'baco', 'jato', 'causo', 'nabo', 'casco', 'rasos', 'rabo', 'as', 'sano', 'sas', 'viso', 'taco', 'ias', 'lasco', 'falso', 'gado', 'lado', 'faço', 'hao', 'amo', 'paro', 'varo', 'baço', 'doso', 'laos', 'teso', 'cao', 'caço', 'babo', 'naco', 'gajo', 'ao', 'casto', 'lavo', 'nas', 'pao', 'casou', 'vaio', 'isso', 'maio', 'azo', 'tao', 'cato', 'saos', 'nado', 'ato', 'bago', 'asco', 'raio', 'vao', 'ajo', 'alo', 'so', 'coso', 'mato', 'asso', 'mas', 'pago', 'tapo', 'nao', 'pasmo', 'las', 'maos', 'damo', 'saio', 'sao', 'vago', 'cavo', 'ano', 'avo', 'casá', 'gasto', 'aco', 'ganso', 'pato', 'raspo', 'passo', 'maco', 'talo', 'asa', 'rasto', 'dato', 'raro', 'luso', 'nasco', 'aro', 'gato', 'leso', 'paio', 'nasço', 'cano', 'sapo', 'base', 'saco', 'toso', 'laço', 'saro', 'case', 'fase', 'masco', 'rato', 'poso', 'caio', 'acaso', 'pas', 'falo', 'rasa', 'calo', 'faro', 'urso', 'ouso', 'caco', 'halo', 'pasto', 'maço', 'piso', 'galo', 'manso', 'osso', 'ocaso', 'ramo', 'papo', 'fado', 'vaos', 'cabo', 'raso', 'rapo', 'safo', 'nano', 'vamo', 'faco', 'riso', 'das', 'fuso', 'laco', 'casa', 'dado', 'rasgo', 'mao', 'cago', 'mago', 'uso', 'nato', 'caro'],0.0,0.0,0,1
['exemplo'],['exbemplo'],['exemplo'],['exemplo'],[],100.0,0.0,1,1
['tem'],['túem'],[],['tem'],['irem', 'amem', 'deem', 'totem', 'coem', 'dêem', 'lêem', 'teu', 'te', 'voem', 'taxem', 'tremi', 'icem', 'treme', 'nem', 'poem', 'temem', 'tez', 'trem', 'leem', 'suem', 'hem', 'time', 'doem', 'caem', 'vem', 'roem', 'põem', 'agem', 'terem', 'ítem', 'bem', 'temê', 'temi', 'atem', 'tremo', 'tinem', 'trema', 'veem', 'quem', 'tres', 'tom', 'avem', 'miem', 'moem', 'atuem', 'saem', 'tome', 'teme', 'ter', 'temo', 'têm', 'tem', 'tosem', 'cem', 'tirem', 'traem', 'topem', 'vêem', 'tecem', 'idem', 'tomem', 'riem', 'em', 'sem', 'unem', 'tremê', 'túnel', 'orem', 'soem', 'tapem', 'piem', 'tema', 'item', 'arem', 'alem', 'fiem', 'usem'],0.0,0.0,0,1
['usuário'],['usuárin'],['usuário'],['usuária'],[],100.0,0.0,1,0
['dados'],['daáos'],[],['dados'],['aos', 'bafos', 'aros', 'vasos', 'amos', 'macos', 'dados', 'nacos', 'caos', 'dares', 'fados', 'depos', 'dao', 'gajos', 'datas', 'daras', 'danoso', 'duros', 'ditos', 'gados', 'maços', 'atos', 'dedos', 'cacos', 'caros', 'dais', 'calos', 'rabos', 'doamos', 'darás', 'bagos', 'dano', 'casos', 'dutos', 'galos', 'magos', 'sacos', 'rasos', 'davas', 'dates', 'favos', 'laos', 'gatos', 'danas', 'canos', 'doados', 'dás', 'manos', 'datou', 'fatos', 'baços', 'vagos', 'ralos', 'saos', 'ratos', 'doas', 'dos', 'apos', 'vamos', 'lacos', 'diabos', 'dadas', 'maos', 'jatos', 'damo', 'lados', 'danes', 'natos', 'cabos', 'iamos', 'damos', 'nabos', 'demos', 'donos', 'dato', 'danos', 'sapos', 'laços', 'damas', 'anos', 'danosa', 'bacos', 'matos', 'danou', 'lagos', 'darmos', 'avos', 'gamos', 'gagos', 'valos', 'papos', 'vaos', 'patos', 'halos', 'talos', 'tacos', 'pagos', 'dardos', 'íamos', 'das', 'raros', 'dado', 'faros', 'panos', 'raios', 'ramos'],0.0,0.0,0,1
['python'],['pythoçn'],[],['apythoçn'],[],0.0,100.0,0,0
['nossa'],['nossk'],[],['nossa'],['nossa', 'tosse', 'bossa', 'tossi', 'nesse', 'fossa', 'nessa', 'osso', 'nos', 'posso', 'fosse', 'fosso', 'vossa', 'posse', 'nosso', 'possa', 'vosso', 'nisso', 'nossas', 'nossos'],0.0,0.0,0,1
['além'],['âlém'],[],['além'],['amém', 'além', 'léu', 'avém', 'alem', 'atém', 'belém'],0.0,0.0,0,1
['assim'],['aóssim'],[],['assim'],['assis', 'assam', 'assem', 'fóssil', 'assim'],0.0,0.0,0,1
['ter'],['tãer'],[],['ter'],['ver', 'temer', 'per', 'roer', 'ser', 'mãe', 'teor', 'tres', 'tez', 'trem', 'cães', 'vier', 'terá', 'moer', 'tera', 'pães', 'der', 'ler', 'teu', 'te', 'tire', 'boer', 'doer', 'ater', 'crer', 'ter', 'tiver', 'éter', 'eter', 'tem', 'mães', 'quer', 'tecer', 'tear', 'tão', 'bôer'],0.0,0.0,0,1
['até'],['vté'],[],['até'],['ver', 'ti', 'vôo', 'atê', 'vis', 'etc', 'ves', 'ate', 'vêm', 'vás', 'votá', 'vi', 'vã', 'vota', 'vim', 'tv', 'vês', 'pé', 'voz', 'zé', 'viu', 'vai', 'voe', 'até', 'atém', 'vá', 'vem', 'va', 'voa', 'vii', 'viés', 'vão', 'vas', 'ué', 'te', 'voo', 'sé', 'tu', 'vil', 'vote', 'atá', 'vos', 'vãs', 'véu', 'via', 'vetá', 'vou', 'veto', 'fé', 'pré', 'ato', 'vê', 'ata', 'vir', 'vao', 'veu', 'voto', 've', 'vós', 'viã', 'é', 'veta', 'tê', 'vez', 'voá', 'vete'],0.0,0.0,0,1
['bem'],['búm'],[],['bem'],['bis', 'nús', 'vêm', 'com', 'sbm', 'brim', 'vim', 'rum', 'bc', 'tom', 'mim', 'som', 'iam', 'im', 'em', 'baús', 'bau', 'hem', 'bit', 'bom', 'bar', 'sem', 'ohm', 'vem', 'dom', 'baú', 'hum', 'dum', 'nú', 'rim', 'bel', 'bem', 'têm', 'ibm', 'tem', 'cem', 'num', 'boa', 'um', 'boi', 'fim', 'nem', 'sim'],0.0,0.0,0,1
['design'],['íesign'],[],['aíesign'],['resigno', 'designa', 'designo', 'designá', 'resigná', 'resigna', 'resigne', 'designe'],0.0,100.0,0,0
['trabalho'],['trabèalho'],[],['trabalho'],['trabalho', 'trabalhou', 'trabalhos', 'trabalha', 'trabalhe', 'trabalhá', 'trabalhão', 'trabalhao'],0.0,0.0,0,1
['foi'],['kfoi'],[],['foi'],['afio', 'for', 'doi', 'foi', 'fui', 'fio', 'roi', 'moi', 'boi', 'foz', 'oi'],0.0,0.0,0,1
['apenas'],['aapenas'],[],['apenas'],['atapetas', 'penas', 'apenas', 'apeias', 'apelas', 'alpinas', 'apenes', 'depenas', 'asperas', 'arenas', 'amenas', 'capengas', 'apenai', 'empenas', 'apenar', 'capelas', 'patenas', 'capinas', 'mapeias', 'japonas', 'acenas', 'apenais', 'apenam', 'apendas', 'alienas', 'lapelas', 'antenas', 'tapeias', 'apena', 'capetas', 'atenas', 'sapecas', 'apegas'],0.0,0.0,0,1
['empresa'],['pmpresa'],[],['empresa'],['empresa', 'empresas', 'apresa', 'imprensa', 'impressa', 'presa', 'represa', 'emprega', 'empresta', 'impreca'],0.0,0.0,0,1
['valor'],['valoqr'],[],['valor'],['vapor', 'calor', 'valo', 'valer', 'valor', 'valos'],0.0,0.0,0,1
['será'],['sçerá'],[],['será'],['selá', 'seriá', 'serrá', 'ser', 'suará', 'verá', 'sairá', 'sobrá', 'roerá', 'será', 'sará', 'saberá', 'terá', 'lerá', 'onerá', 'soprá', 'iterá', 'superá', 'serás', 'aterá', 'secá', 'gerá', 'sagrá', 'moerá', 'doerá', 'soará', 'esperá', 'sera', 'esmerá', 'zerá', 'içará', 'crerá', 'surrá', 'operá'],0.0,0.0,0,1
['entre'],['entró'],[],['entra'],['entôo', 'entrou', 'entoo', 'ventre', 'entrai', 'dentre', 'entrar', 'entra', 'entro', 'entoe', 'entram', 'centra', 'entrá', 'centrá', 'ente', 'centro', 'entoa', 'entrei', 'entres', 'extra', 'entoá', 'entrad', 'centre', 'entes', 'antro', 'entre', 'entao', 'entrem', 'dentro', 'entras', 'então'],0.0,0.0,0,0
['método'],['nétodo'],[],['método'],['metodo', 'todo', 'fétido', 'nitido', 'método', 'cátodo', 'métodos', 'catodo', 'nítido', 'notado'],0.0,0.0,0,1
['precisamos'],['prefcisamos'],[],['precisamos'],['precisados', 'precisamos', 'prefixamos', 'prefaciamos', 'prefiramos', 'precisarmos', 'precisemos', 'precisamo'],0.0,0.0,0,1
['ainda'],['sainda'],[],['ainda'],['saidas', 'ainda', 'sauda', 'sacuda', 'faina', 'panda', 'senda', 'linda', 'sina', 'caida', 'rainha', 'vinda', 'saindo', 'saúda', 'caiada', 'manda', 'saiba', 'sabida', 'anda', 'finda', 'sadia', 'brinda', 'sarda', 'bainha', 'sonda', 'caindo', 'sairia', 'saido', 'sauna', 'saia', 'santa', 'salinha', 'sanea', 'salina', 'suina', 'sandra', 'salada', 'blinda', 'banda', 'cinda', 'sana', 'saciada', 'saira', 'salda', 'sacada', 'sanha', 'saída', 'saida', 'sinta', 'sarna'],0.0,0.0,0,1
['vai'],['uai'],[],['suai'],['ti', 'tua', 'uniu', 'uvas', 'ja', 'dar', 'luas', 'rua', 'pia', 'dual', 'agi', 'has', 'mia', 'uns', 'sei', 'eia', 'fas', 'ar', 'suei', 'dao', 'sujai', 'dei', 'baú', 'qual', 'cair', 'geai', 'vas', 'fuçai', 'duas', 'uma', 'mau', 'ungi', 'vaia', 'acuai', 'quais', 'util', 'zair', 'mui', 'luar', 'maia', 'dais', 'cuia', 'raie', 'uni', 'unam', 'lei', 'mugi', 'urrai', 'fui', 'gas', 'tal', 'ah', 'sal', 'faz', 'suai', 'ruas', 'usei', 'unix', 'ali', 'bau', 'rui', 'unais', 'raiz', 'suas', 'rugai', 'rei', 'ac', 'usá', 'vi', 'rugi', 'ia', 'ria', 'tupi', 'vagi', 'vais', 'suais', 'nua', 'as', 'orai', 'cai', 'sas', 'nazi', 'puni', 'tais', 'ue', 'unir', 'vaiá', 'saci', 'iam', 'ias', 'daí', 'murai', 'hao', 'duais', 'gari', 'roi', 'jaz', 'caí', 'içai', 'uno', 'raiá', 'cao', 'ui', 'atuai', 'doi', 'pau', 'suar', 'amai', 'ao', 'ais', 'furai', 'nas', 'ceai', 'fiai', 'ai', 'fucai', 'pao', 'maio', 'vaio', 'tao', 'caia', 'mal', 'via', 'dali', 'gani', 'bufai', 'lia', 'hei', 'miai', 'raio', 'nair', 'pua', 'luzi', 'ouvi', 'ha', 'dai', 'caiá', 'vao', 'mudai', 'doai', 'atai', 'um', 'mae', 'pulai', 'ca', 'oi', 'aí', 'fugi', 'nuas', 'sai', 'paz', 'li', 'mas', 'nao', 'xi', 'bali', 'untai', 'guiai', 'fia', 'las', 'lutai', 'pari', 'bati', 'pais', 'saio', 'bani', 'piai', 'vai', 'usar', 'cal', 'sao', 'juri', 'voai', 'taxi', 'anui', 'bar', 'va', 'saiu', 'soai', 'cais', 'urdi', 'umas', 'muar', 'coai', 'ousai', 'icai', 'rufai', 'uiva', 'davi', 'zuni', 'curai', 'utah', 'usai', 'paio', 'caie', 'arai', 'mói', 'usas', 'par', 'si', 'da', 'ri', 'na', 'fali', 'moi', 'la', 'lati', 'caiu', 'rumai', 'una', 'vaie', 'caio', 'ma', 'lar', 'sumi', 'durai', 'fa', 'fumai', 'pas', 'lua', 'trai', 'quao', 'une', 'ra', 'a', 'unia', 'baia', 'suam', 'guia', 'raia', 'adi', 'buli', 'aia', 'sair', 'dia', 'fuji', 'uai', 'ruia', 'rói', 'sugai', 'jurai', 'pai', 'cri', 'unas', 'aqui', 'vali', 'eua', 'usa', 'tuas', 'vii', 'rubi', 'foi', 'ué', 'muni', 'dói', 'sais', 'haia', 'saia', 'puas', 'uivai', 'sa', 'mais', 'das', 'jazi', 'subi', 'pa', 'tia', 'mar', 'aguai', 'sua', 'mao', 'urgi', 'uso', 'usais', 'xa', 'use', 'boi', 'puxai', 'usam', 'uh', 'uva', 'unis', 'saí'],0.0,0.0,0,0
['conteúdo'],['cĩonteúdo'],[],['conteúdo'],['contendo', 'conteúdos', 'conteúdo', 'conteudo'],0.0,0.0,0,1
['seus'],['sâus'],[],['seus'],['sues', 'baus', 'sãos', 'véus', 'jus', 'sons', 'veus', 'soes', 'seus', 'sas', 'gnus', 'supus', 'pus', 'sul', 'paus', 'deus', 'ceus', 'sos', 'cus', 'anus', 'sóis', 'sou', 'ônus', 'onus', 'maus', 'céus', 'suo', 'reus', 'sais', 'sós', 'nus', 'sois', 'teus', 'sãs', 'seu', 'meus', 'saos', 'saís', 'sousa', 'soas', 'sua', 'opus', 'suá', 'sue', 'ânus', 'seis', 'crus', 'réus', 'suas', 'sub'],0.0,0.0,0,1
['eu'],['ìeu'],[],['eu'],['egeu', 'réu', 'moeu', 'sei', 'ze', 'res', 'fe', 'dei', 'riu', 'der', 'ceou', 'teu', 'te', 'que', 'mau', 'teus', 'mel', 'lei', 'bau', 'nem', 'ver', 'doeu', 'rei', 'nu', 'ser', 'seus', 'tez', 'ue', 'ou', 'hem', 'meu', 'vem', 'cea', 'pau', 'menu', 'pe', 'les', 'es', 'meus', 'véu', 'dez', 'bem', 'vou', 'hei', 'mes', 'peru', 'deu', 'vez', 'ves', 'veus', 'des', 'fez', 'ceus', 'pes', 'sou', 'ler', 'eu', 'pneu', 'e', 'leu', 'céu', 'tu', 'gea', 'ter', 'dou', 'gnu', 'cu', 'se', 'tem', 'veu', 'cem', 've', 'léu', 'per', 'ex', 'roeu', 'viu', 'deus', 'zebu', 'em', 'geá', 'de', 'geou', 'ceá', 'eua', 'sem', 'creu', 'zen', 'reus', 'le', 'bel', 'ateu', 'ceu', 'seu', 'reu', 'cru', 'sue', 'me'],0.0,0.0,0,1
['todos'],['todás'],[],['tomás'],['tidos', 'todo', 'topas', 'podes', 'modos', 'podá', 'porás', 'bodas', 'rodes', 'tomá', 'tosas', 'godos', 'topes', 'tosá', 'tomes', 'rodos', 'bodes', 'trás', 'tolos', 'modas', 'tidas', 'odes', 'tocas', 'todos', 'rodá', 'toros', 'todas', 'togas', 'toras', 'tons', 'toses', 'topos', 'dás', 'goiás', 'terás', 'podas', 'tomas', 'tocá', 'rodas', 'toldos', 'sofás', 'topá', 'tolas', 'toda', 'tomás'],0.0,0.0,0,0
['tempo'],['utempo'],[],['tempo'],['tempos', 'usemo', 'tampo', 'temo', 'atemo', 'untemo', 'utero', 'tempo', 'lutemo', 'unemo', 'templo'],0.0,0.0,0,1
['sempre'],['sempce'],[],['sempre'],['remoce', 'semeie', 'sempre', 'empoce'],0.0,0.0,0,1
['qual'],['fual'],[],['dual'],['fale', 'tua', 'fuçar', 'fugas', 'luas', 'rua', 'pula', 'mula', 'dual', 'fas', 'fucar', 'fugaz', 'aula', 'fiam', 'fuçam', 'furá', 'qual', 'fuça', 'frua', 'fuçai', 'duas', 'fila', 'gula', 'luar', 'fuga', 'fure', 'anal', 'fui', 'sal', 'tal', 'fala', 'faz', 'suai', 'ruas', 'fiel', 'funil', 'nua', 'fluas', 'atual', 'oval', 'fujao', 'fuja', 'lula', 'fumá', 'fumo', 'fumas', 'suar', 'furai', 'fiai', 'fucai', 'mal', 'fecal', 'falá', 'pua', 'furo', 'fumar', 'furar', 'fujas', 'fluam', 'fugi', 'nuas', 'fuço', 'fuças', 'mural', 'fura', 'fusao', 'bula', 'fia', 'fuçá', 'fuzil', 'sul', 'fatal', 'cal', 'real', 'fume', 'muar', 'feudal', 'anual', 'fuca', 'aral', 'fuma', 'fali', 'rural', 'furas', 'fa', 'fumai', 'lua', 'quao', 'falo', 'fujo', 'suam', 'final', 'igual', 'baal', 'fuji', 'fias', 'uai', 'fucam', 'furao', 'eua', 'tuas', 'fuco', 'fujam', 'fuje', 'puas', 'fruas', 'fiar', 'oral', 'fuso', 'furam', 'fucas', 'flua', 'aval', 'futil', 'fruam', 'sua', 'leal', 'nula', 'fuce', 'usual', 'fumam', 'bucal', 'fetal', 'suas'],0.0,0.0,0,0
['ela'],['elal'],[],['ela'],['eles', 'metal', 'alas', 'els', 'dual', 'eia', 'pelai', 'legal', 'elo', 'geral', 'qual', 'zela', 'renal', 'dedal', 'esaú', 'cla', 'pedal', 'anal', 'sal', 'tal', 'esau', 'velai', 'melas', 'cela', 'melao', 'nelas', 'elos', 'ele', 'exale', 'delas', 'pelas', 'ema', 'oval', 'penal', 'melam', 'gela', 'eva', 'sela', 'gelam', 'venal', 'mal', 'selai', 'fecal', 'exalá', 'selam', 'elon', 'era', 'zelam', 'exala', 'belas', 'eras', 'pela', 'las', 'elmo', 'vela', 'cal', 'telas', 'real', 'eram', 'melai', 'belial', 'velar', 'ala', 'leao', 'bela', 'selas', 'aral', 'zelar', 'telao', 'la', 'gelas', 'emas', 'lar', 'zelai', 'dela', 'gelar', 'celas', 'tela', 'mela', 'baal', 'gelai', 'melar', 'ela', 'velam', 'eua', 'nela', 'pelar', 'clas', 'exalo', 'elias', 'ola', 'velas', 'oral', 'aval', 'zelas', 'leal', 'elas', 'selar', 'pelam', 'fetal'],0.0,0.0,0,1
['só'],['skó'],[],['só'],['sol', 'pó', 'sôo', 'sbm', 'ser', 'dó', 'avó', 'sob', 'sas', 'sá', 'soe', 'som', 'sul', 'sao', 'sei', 'sos', 'pró', 'soá', 'são', 'sou', 'sem', 'soa', 'soo', 'suo', 'sós', 'sé', 'sa', 'sãs', 'seu', 'nó', 'sã', 'se', 'si', 'sua', 'suá', 'sê', 'sal', 'sue', 'so', 'só', 'sim', 'sai', 'sub', 'saí'],0.0,0.0,0,1
['utilizar'],['utilĩzar'],[],['utilizar'],['utilizai', 'utilizas', 'utiliza', 'utilizará', 'utilizara', 'utilizar', 'utilizam'],0.0,0.0,0,1
['projeto'],['proójeto'],[],['projeto'],['projete', 'projetou', 'projeta', 'projetos', 'projetá', 'projetor', 'projeto', 'prometo'],0.0,0.0,0,1
['site'],['isite'],[],['visite'],['viste', 'imitá', 'tirite', 'irrite', 'imitei', 'inste', 'digite', 'imite', 'adite', 'frite', 'licite', 'grite', 'quite', 'visitem', 'visitá', 'deite', 'isente', 'imitem', 'visites', 'visitei', 'cite', 'situe', 'insiste', 'imito', 'sete', 'dite', 'incite', 'edite', 'milite', 'riste', 'imita', 'emite', 'hesite', 'sita', 'este', 'peite', 'omite', 'visita', 'isole', 'visito', 'asile', 'diste', 'iate', 'sito', 'noite', 'imites', 'visite', 'leite', 'elite', 'inibe', 'sitie', 'apite', 'agite', 'fite', 'limite', 'evite', 'isto', 'liste'],0.0,100.0,0,0
['sem'],['secm'],[],['secam'],['sbm', 'beca', 'meca', 'deem', 'secao', 'será', 'sexo', 'sei', 'sebo', 'beco', 'peco', 'soam', 'sueca', 'pecam', 'icem', 'seis', 'socá', 'nem', 'mecam', 'ser', 'seus', 'recém', 'saci', 'leem', 'som', 'pecá', 'serem', 'suem', 'hem', 'sete', 'seco', 'selo', 'vem', 'seta', 'seio', 'saca', 'secá', 'sela', 'meco', 'seno', 'bem', 'selam', 'sele', 'secas', 'secam', 'eco', 'veem', 'selem', 'tecê', 'soco', 'sebe', 'seca', 'saem', 'secamo', 'secos', 'secou', 'sacá', 'tecam', 'sejam', 'selim', 'se', 'teci', 'tem', 'saco', 'sera', 'cem', 'sede', 'sim', 'seja', 'selá', 'secar', 'sacam', 'tecem', 'teca', 'suam', 'jeca', 'em', 'tece', 'suco', 'teco', 'recem', 'sem', 'secai', 'soca', 'peca', 'semi', 'soem', 'seu', 'sueco', 'seda', 'socam', 'usem'],0.0,0.0,0,0
['pelo'],['pẽlo'],[],['pelo'],['velo', 'polvo', 'polos', 'pelou', 'puxo', 'pifo', 'pele', 'pula', 'paço', 'solo', 'valo', 'podo', 'po', 'pano', 'ralo', 'peso', 'peco', 'elo', 'paco', 'balo', 'pêlos', 'pulou', 'pulo', 'pro', 'peao', 'pule', 'poço', 'prelo', 'peço', 'pilao', 'poco', 'colo', 'pejo', 'palco', 'tolo', 'pólo', 'paro', 'rolo', 'pego', 'selo', 'nulo', 'piao', 'pico', 'dolo', 'bulo', 'pelos', 'pao', 'lo', 'apolo', 'pão', 'alo', 'palmo', 'pago', 'gelo', 'pelá', 'nilo', 'pela', 'belo', 'peão', 'pilão', 'filo', 'pilho', 'puno', 'puto', 'zelo', 'pato', 'pomo', 'talo', 'pio', 'pulso', 'pêlo', 'paio', 'pino', 'pulos', 'silo', 'paulo', 'poli', 'poso', 'pivo', 'falo', 'calo', 'apelo', 'povo', 'halo', 'polo', 'pulá', 'poro', 'piso', 'galo', 'pião', 'papo', 'pólos', 'melo', 'pelo', 'peno', 'bolo', 'puro', 'orlo'],0.0,0.0,0,1
['alura'],['aluéa'],[],['aluda'],['aloura', 'acua', 'alada', 'além', 'aldea', 'aludas', 'iluda', 'ajuda', 'atura', 'apura', 'alça', 'aura', 'agua', 'alca', 'aula', 'lusa', 'alma', 'anua', 'maluca', 'lupa', 'fluia', 'atua', 'alude', 'aludo', 'pluga', 'aguca', 'alhea', 'anuía', 'pluma', 'anula', 'alega', 'altura', 'luta', 'alugas', 'alvura', 'alva', 'afluía', 'aluda', 'aflua', 'alunas', 'lula', 'alisa', 'alia', 'ulula', 'luva', 'aluga', 'aludia', 'alija', 'anuia', 'aloja', 'acuda', 'aloca', 'alguma', 'alugam', 'alugar', 'fluía', 'aguda', 'aguça', 'abusa', 'aloés', 'alema', 'alguém', 'aquém', 'aludi', 'acusa', 'ala', 'alugai', 'luza', 'abluia', 'aluna', 'lua', 'alga', 'alaga', 'aluno', 'abluía', 'alugá', 'aguia', 'aludam', 'adula', 'ablua', 'afluia', 'alumia', 'laura', 'blusa', 'aduba', 'altea', 'flua', 'lauda', 'alugo', 'azula', 'alta', 'alfa', 'alusao'],0.0,100.0,0,0
['dia'],['dil'],[],['gil'],['ti', 'dois', 'doe', 'ágil', 'adiá', 'dar', 'dirá', 'pia', 'gol', 'im', 'dual', 'd', 'mia', 'eia', 'miá', 'dite', 'débil', 'dao', 'dôo', 'diga', 'dei', 'riu', 'der', 'dom', 'anil', 'vilã', 'dum', 'fila', 'hiv', 'util', 'mel', 'giz', 'dais', 'do', 'doá', 'sal', 'tal', 'dês', 'debil', 'fim', 'digo', 'ali', 'doia', 'ódio', 'fiel', 'vi', 'ia', 'ria', 'fie', 'dita', 'daí', 'rio', 'ui', 'doi', 'dás', 'dolo', 'ais', 'agil', 'diluo', 'piá', 'ai', 'divã', 'duo', 'adis', 'mal', 'dica', 'dez', 'via', 'dali', 'lia', 'doa', 'deu', 'dai', 'dion', 'ide', 'dos', 'oi', 'odia', 'li', 'sol', 'xi', 'nilo', 'fia', 'mie', 'vim', 'dó', 'ois', 'diva', 'des', 'mim', 'filo', 'sul', 'cal', 'ih', 'deis', 'ditá', 'bit', 'adie', 'dido', 'dito', 'file', 'dá', 'doí', 'útil', 'pio', 'doê', 'rim', 'adia', 'vil', 'fio', 'ido', 'ris', 'filé', 'fiz', 'tio', 'odio', 'adir', 'dou', 'dor', 'si', 'rir', 'silo', 'da', 'mio', 'ri', 'viã', 'sim', 'ardil', 'doo', 'pie', 'bis', 'vis', 'dize', 'dela', 'mil', 'dira', 'ir', 'dilua', 'adi', 'diluí', 'aia', 'odiá', 'dia', 'adiu', 'viu', 'dão', 'dilui', 'dias', 'de', 'vila', 'ida', 'cio', 'diz', 'vii', 'eis', 'dói', 'bel', 'fiá', 'gil', 'dê', 'das', 'dele', 'tia', 'redil', 'dizê', 'vir', 'filá', 'adio'],0.0,0.0,0,0
['tudo'],['tudy'],[],['tudo'],['todo', 'tua', 'buda', 'tupã', 'judo', 'mude', 'rude', 'tupi', 'tida', 'tubo', 'mudá', 'judô', 'pude', 'tido', 'tuas', 'muda', 'tu', 'tupa', 'tudo', 'mudo', 'toda'],0.0,0.0,0,1
['ela'],['qelay'],[],['aqelay'],['zelai', 'belas', 'dela', 'pela', 'delas', 'gelar', 'celas', 'tela', 'mela', 'pelas', 'vela', 'gelai', 'telas', 'melar', 'ela', 'melam', 'velam', 'melai', 'nela', 'pelai', 'gela', 'pelar', 'zela', 'sela', 'velar', 'gelam', 'velas', 'bela', 'selai', 'selam', 'selas', 'zelas', 'elas', 'velai', 'telao', 'zelar', 'melas', 'selar', 'gelas', 'cela', 'zelam', 'pelam', 'melao', 'nelas'],0.0,0.0,0,0
['só'],['sód'],[],['só'],['pós', 'sol', 'pó', 'sôo', 'sbm', 'nós', 'ser', 'dó', 'sob', 'sas', 'sá', 'sido', 'soe', 'som', 'sul', 'd', 'sao', 'sei', 'sos', 'rói', 'soá', 'são', 'sóis', 'sou', 'sem', 'soa', 'soo', 'suo', 'dói', 'sós', 'sé', 'sa', 'sãs', 'seu', 'seda', 'sub', 'sai', 'nó', 'mói', 'sã', 'se', 'si', 'sua', 'suá', 'sê', 'sal', 'sede', 'sue', 'so', 'vós', 'só', 'sim', 'sódio', 'soda', 'saí'],0.0,0.0,0,1
['utilizar'],['dtilizacr'],['utilizar'],['adtilizacr'],[],100.0,0.0,1,0
['projeto'],['bprojõto'],['projeto'],['abprojõto'],[],100.0,0.0,1,0
['site'],['ysiteo'],[],['aysiteo'],['sito', 'situo', 'sitio'],0.0,100.0,0,0
['sem'],['sõêm'],[],['asõêm'],['põem', 'saem', 'têm', 'suem', 'vêm', 'sê', 'sbm', 'soam', 'soem', 'suam', 'sem', 'sim', 'som'],0.0,0.0,0,0
['pelo'],['peàli'],[],['apeàli'],['pesai', 'pegai', 'reli', 'pelo', 'penai', 'pelá', 'pendi', 'pela', 'pecai', 'pelei', 'pesei', 'pedi', 'poli', 'perdi', 'pelai', 'penei', 'pele'],0.0,0.0,0,0
['alura'],['asuraó'],[],['aasuraó'],['astral', 'apurai', 'rasuram', 'atura', 'apura', 'aturar', 'aura', 'aturai', 'rasura', 'auras', 'usuras', 'rasurai', 'rasurar', 'apuras', 'rasuras', 'apurar', 'apuram', 'aturam', 'aturas', 'usura'],0.0,100.0,0,0
['dia'],['deiìa'],[],['deita'],['defira', 'meiga', 'dela', 'leia', 'deva', 'beija', 'dera', 'deitá', 'ceifa', 'deite', 'dedica', 'leiga', 'dessa', 'dira', 'defina', 'dita', 'decima', 'deriva', 'diva', 'dia', 'seiva', 'feia', 'demita', 'deis', 'reina', 'deitas', 'deista', 'peita', 'deusa', 'delta', 'eia', 'odeia', 'teia', 'deixas', 'deitai', 'delira', 'devida', 'desca', 'deixe', 'diga', 'deixa', 'dei', 'densa', 'detida', 'feita', 'deita', 'devia', 'depila', 'teima', 'edita', 'debita', 'feira', 'doida', 'desça', 'deixo', 'eira', 'deixai', 'meia', 'ceia', 'veia', 'dica', 'ideia', 'beira', 'seita', 'peida', 'dieta', 'decida', 'geia', 'deitar', 'deixá', 'deito', 'desta', 'deixar', 'doia', 'deixam', 'deitam'],0.0,0.0,0,0
['tudo'],['tuĩdoì'],['tudo'],['atuĩdoì'],[],100.0,0.0,1,0
['ela'],['eúaa'],[],['aeúaa'],['emana', 'egua', 'exala', 'eras', 'esta', 'evada', 'exata', 'ema', 'erva', 'etna', 'ela', 'eia', 'eram', 'eua', 'eva', 'ezra', 'erga', 'eira', 'essa', 'erra', 'esaú', 'elas', 'ecoa', 'era', 'esau', 'etapa', 'reúna', 'emas', 'exara'],0.0,0.0,0,0
['só'],['ró'],[],['pró'],['ti', 'pós', 'gra', 'má', 'oh', 'ja', 'rua', 'im', 'd', 'réu', 'ze', 'res', 'ar', 'fe', 'po', 'no', 'riu', 'te', 'pro', 'fé', 'do', 'are', 'ah', 'sê', 'xá', 'só', 'tê', 'lá', 'rui', 'ara', 'rei', 'ac', 'pó', 'rês', 'vi', 'há', 'ia', 'ria', 'nu', 'bc', 'as', 'lê', 'tv', 'ue', 'zé', 'ou', 'os', 'roi', 'rã', 'rio', 'vá', 'ui', 'crê', 'ao', 'ai', 'pe', 'es', 'pra', 'pré', 'lã', 'ha', 'lo', 'era', 'roo', 'so', 'vós', 'um', 'ará', 'roê', 'ão', 'ca', 'aí', 'oi', 'li', 'xi', 'vã', 'ore', 'pre', 'orá', 'dó', 'sá', 'irã', 'roe', 'ih', 'fã', 'irá', 'à', 'pró', 'va', 'já', 'dá', 'cre', 'eu', 'mo', 'e', 'o', 'rim', 'sé', 'tu', 'pá', 'ris', 'oro', 'aro', 'nó', 'mói', 'às', 'sã', 'cu', 'roí', 'se', 'si', 'rir', 'da', 've', 'rôo', 'ri', 'na', 'é', 'la', 'ma', 'cá', 'fa', 'ex', 'ra', 'a', 'nós', 'rum', 'avó', 'ir', 'rés', 'pé', 'em', 'és', 'de', 'rói', 'cri', 'ué', 'crú', 'nú', 'sós', 'le', 'dói', 'sa', 'dê', 'ô', 'pa', 'ira', 'reu', 'ora', 'vê', 'grã', 'cru', 'roa', 'xa', 'uh', 'me'],0.0,0.0,0,0
['utilizar'],['utilizẽaçr'],['utilizar'],['autilizẽaçr'],[],100.0,0.0,1,0
['projeto'],['prêjetó'],[],['aprêjetó'],['projete', 'projeta', 'projeto', 'projetá'],0.0,0.0,0,0
['site'],['sqiqte'],[],['asqiqte'],['saiste', 'saiote'],0.0,100.0,0,0
['sem'],['sũexm'],[],['asũexm'],['saem', 'suem', 'sexo', 'soem', 'sem'],0.0,0.0,0,0
['pelo'],['pçlxo'],[],['apçlxo'],['pilao', 'pólo', 'polvo', 'pelo', 'pulso', 'pêlo', 'polo', 'puxo', 'pulo', 'pilão', 'palco', 'palmo', 'pilho'],0.0,0.0,0,0
['alura'],['uluraa'],[],['auluraa'],['plural', 'ulula', 'ululai', 'ultra', 'ululas', 'ulular', 'usurpa', 'ululara', 'ululava', 'ululam', 'usuras', 'ultraja', 'usura'],0.0,100.0,0,0
['dia'],['dĩaz'],[],['adĩaz'],['paz', 'dar', 'dia', 'dual', 'daí', 'dias', 'jaz', 'dao', 'diz', 'doar', 'duas', 'traz', 'das', 'dez', 'doa', 'da', 'dai', 'doas', 'faz', 'doai', 'doam'],0.0,0.0,0,0
['tudo'],['kzudo'],[],['akzudo'],['ajudo', 'grudo', 'zuno', 'judo', 'miudo', 'azulo', 'tudo', 'laudo', 'mudo', 'kazuo', 'acudo', 'iludo', 'azedo', 'feudo', 'saudo', 'agudo', 'aludo'],0.0,0.0,0,0
['corretor'],['correptor'],[],['corretor'],['corretor', 'corredor', 'corretora', 'correto', 'corretos', 'corruptos', 'corrupto'],0.0,0.0,0,1
['tática'],['trtica'],[],['artica'],['atica', 'crítica', 'gótica', 'cortica', 'critica', 'tisica', 'erica', 'troia', 'tróia', 'traia', 'ártico', 'titica', 'ártica', 'trelica', 'érica', 'gotica', 'ótica', 'árticas', 'toxica', 'trafica', 'traca', 'tunica', 'tricô', 'tonica', 'termica', 'titia', 'troca', 'tétrica', 'ética', 'mítica', 'estica', 'túnica', 'articas', 'tragica', 'artica', 'tripa', 'ontica', 'táticas', 'tetrica', 'treina', 'titicas', 'trunca', 'trico', 'cetica', 'tônica', 'erótica', 'tático', 'óptica', 'taticas', 'típica', 'otica', 'prática', 'erotica', 'rica', 'térmica', 'tática', 'tísica', 'trina', 'tatico', 'ôntica', 'tatica', 'tipica', 'cética', 'botica', 'etica', 'mitica', 'artico', 'tóxica', 'trinca', 'trágica', 'urtiga', 'traicao', 'traira', 'tranca', 'traida', 'pratica', 'optica'],0.0,0.0,0,0
['empoderamento'],['ewpoderamento'],['empoderamento'],['empoderamento'],[],100.0,0.0,1,1
['linux'],['lifux'],[],['linux'],['linux', 'ligue', 'linus'],0.0,0.0,0,1
['cachorro'],['cachoçro'],['cachorro'],['cachorro'],[],100.0,0.0,1,1
['gato'],['îgato'],[],['gato'],['jato', 'ágata', 'reato', 'prato', 'trato', 'grato', 'regato', 'gago', 'plato', 'gado', 'exato', 'galo', 'beato', 'gata', 'gasto', 'gatos', 'gabo', 'pato', 'hiato', 'gajo', 'boato', 'dato', 'engato', 'gato', 'igapo', 'cato', 'agito', 'acato', 'ato', 'gamo', 'tato', 'inato', 'egito', 'agata', 'bato', 'fato', 'nato', 'abato', 'rato', 'chato', 'mato'],0.0,0.0,0,1
['cavalo'],['cakvalo'],[],['cavalo'],['cavamo', 'cavalgo', 'cavalo', 'carvalho', 'cavalos', 'carvao', 'cavalho', 'cavaco', 'cavado'],0.0,0.0,0,1
['relógio'],['relógiuo'],[],['relógio'],['religião', 'relógios', 'relógio', 'religiao', 'relogio'],0.0,0.0,0,1
['canela'],['canelac'],[],['canela'],['canelas', 'capelao', 'janela', 'panela', 'cancelam', 'anelar', 'cancelar', 'cancela', 'canelada', 'caneca', 'anela', 'canela', 'panelas', 'anelas', 'anelai', 'capelas', 'canetas', 'anelam', 'cadela', 'caneta', 'cancelai', 'canecas', 'cadelas', 'janelas', 'capela', 'cancelas'],0.0,0.0,0,1
['tênis'],['tênisy'],[],['tênis'],['tênis', 'pênis', 'tenis', 'tinis'],0.0,0.0,0,1
['ansiosa'],['anciosa'],[],['ansiosa'],['ancias', 'anciao', 'rancosa', 'aciona', 'ociosa', 'ancia', 'viciosa', 'ansioso', 'anciãos', 'ancioes', 'sanciona', 'ancora', 'anciaos', 'ansiosas', 'anciãs', 'ciosa', 'animosa', 'ansiosa', 'incisa', 'capciosa', 'atenciosa', 'anchova'],0.0,0.0,0,1
['ansiosa'],['ancciosa'],['ansiosa'],['aancciosa'],[],100.0,0.0,1,0
['ansiosa'],['ansioa'],[],['ansiosa'],['anseia', 'ansias', 'anciao', 'assina', 'ansiá', 'ancia', 'anseio', 'ansia', 'ansioso', 'anseios', 'ansiava', 'insira', 'asila', 'ansiai', 'ansiou', 'asia', 'ansiamo', 'ansiosas', 'anuira', 'ânsia', 'ansiei', 'ansiosa', 'assoa', 'angina', 'ansiara', 'ansiado', 'antiga', 'ensina', 'ansiar', 'anima', 'anuia'],0.0,0.0,0,1
['empoderamento'],['empoderamenot'],['empoderamento'],['empoderamento'],[],100.0,0.0,1,1
['asterisco'],['asterísto'],['asterisco'],['aasterísto'],[],100.0,0.0,1,0
['gratuito'],['gratuíto'],[],['gratuito'],['gratuito', 'gratuitos', 'gratuita'],0.0,0.0,0,1
['entretido'],['entertido'],[],['entretido'],['entretida', 'entretidos', 'invertido', 'entretido', 'entendido', 'entortado', 'enterrado', 'enxertado'],0.0,0.0,0,1
['ritmo'],['ritimo'],[],['ritmo'],['litio', 'intimo', 'minimo', 'último', 'remimo', 'ritmo', 'fitemo', 'vitimou', 'mitigo', 'rifamo', 'ritmico', 'sitiamo', 'citamo', 'gritemo', 'rutilo', 'latimo', 'ruimo', 'otimo', 'litigo', 'gritamo', 'nitido', 'ditemo', 'redimo', 'retiro', 'fritemo', 'retino', 'vitima', 'riamo', 'rimamo', 'citemo', 'rimo', 'riremo', 'rimemo', 'dirimo', 'mitico', 'dizimo', 'emitimo', 'frigimo', 'titio', 'fitamo', 'fritamo', 'ditamo', 'setimo', 'ultimo', 'retomo', 'vitimá', 'sétimo', 'rirmo', 'sitiemo', 'estimo', 'ritmos', 'erigimo', 'ótimo', 'retido', 'rifemo', 'vitimo', 'maritimo', 'tinimo', 'íntimo', 'critico', 'sitio', 'rugimo', 'rigido', 'rito', 'omitimo', 'vitime', 'retemo'],0.0,0.0,0,1
['idiota'],['indiota'],[],['idiota'],['indios', 'incita', 'indicia', 'insista', 'indigna', 'idiota', 'indireta', 'invicta', 'indio', 'idiotas', 'idiotia', 'invista', 'india', 'inedita', 'indomita', 'idioma', 'inédita', 'indica'],0.0,0.0,0,1
['tomara'],['tomare'],[],['tomarei'],['tosar', 'topar', 'tamara', 'tocar', 'tombara', 'tomarão', 'topara', 'toparei', 'tomava', 'nomade', 'tombará', 'tomaste', 'toma', 'tosares', 'tocaie', 'tomai', 'domarem', 'tomarao', 'somará', 'tomasse', 'somarei', 'pomares', 'tosarem', 'tomates', 'tomate', 'tocares', 'tocara', 'tomaras', 'tocarei', 'compare', 'tomamo', 'tomas', 'tomais', 'tomarás', 'tosarei', 'tomareis', 'domara', 'tombarei', 'tâmara', 'compre', 'somarem', 'tombarem', 'toparem', 'timbre', 'somar', 'tombares', 'domar', 'mare', 'tomarem', 'tosará', 'tomará', 'comadre', 'tomado', 'tomaremo', 'domares', 'tome', 'tomarmo', 'tomaram', 'tombar', 'tomardes', 'tosara', 'tocará', 'somares', 'topares', 'tomaria', 'tombe', 'domarei', 'topará', 'tomada', 'somara', 'tomara', 'tomam', 'tomar', 'tolere', 'tocarem', 'torre', 'tomarei', 'pomar', 'domará', 'tomares'],0.0,0.0,0,0
['seja'],['seje'],[],['suje'],['ceie', 'geme', 'fere', 'sedes', 'nele', 'pele', 'sente', 'será', 'sexo', 'sei', 'nene', 'sebo', 'sape', 'serre', 'sujo', 'serei', 'vejo', 'sejas', 'sope', 'gene', 'seles', 'esse', 'sabe', 'lede', 'seis', 'tese', 'sole', 'lese', 'vede', 'ele', 'ser', 'zere', 'rege', 'vexe', 'sujá', 'vele', 'seus', 'pejo', 'neve', 'laje', 'mexe', 'soja', 'serem', 'sedie', 'semen', 'sove', 'some', 'sete', 'seco', 'dete', 'seque', 'selo', 'semeá', 'seta', 'mele', 'suja', 'seio', 'secá', 'sela', 'serze', 'seno', 'seres', 'sele', 'areje', 'jejue', 'sane', 'leme', 'mije', 'raje', 'bege', 'hoje', 'selem', 'leve', 'selei', 'soe', 'fede', 'cede', 'safe', 'rete', 'sebe', 'serve', 'sujei', 'semea', 'sebes', 'bebe', 'pese', 'seca', 'sobe', 'mede', 'teve', 'teme', 'beije', 'rele', 'veja', 'sejam', 'se', 'deve', 'sera', 'sede', 'reja', 'zele', 'vete', 'seja', 'selá', 'rejo', 'suje', 'gele', 'segue', 'deseje', 'pede', 'tece', 'reze', 'sem', 'serie', 'gere', 'sujes', 'sujem', 'este', 'geie', 'iene', 'fuje', 'semi', 'sare', 'mete', 'seu', 'reme', 'seda', 'dele', 'pene', 'tele', 'sue', 'rede', 'reve'],0.0,0.0,0,0
['prevalecer'],['provalecer'],[],['prevalecer'],['prevalecerá', 'prevalecera', 'prevaleces', 'prevalecem', 'prevalecer', 'prevalecei', 'prevalece', 'prevaleceu'],0.0,0.0,0,1
['esteja'],['esteje'],[],['festeje'],['coteje', 'estojo', 'espete', 'estejam', 'estive', 'festejo', 'deseje', 'festejá', 'estafe', 'festejei', 'esmere', 'esteve', 'estufe', 'estreie', 'festejes', 'espere', 'festeja', 'estepe', 'estende', 'esteja', 'ester', 'despeje', 'estrepe', 'este', 'estes', 'esteio', 'goteje', 'estime', 'estejas', 'estrele', 'estude', 'festejem', 'esteta', 'rasteje', 'estepes', 'estofe', 'estire', 'estale', 'festeje', 'lateje'],0.0,0.0,0,0
['mendigo'],['mindigo'],[],['indigo'],['minimo', 'bendigo', 'indio', 'mitigo', 'mendigo', 'sindico', 'indigo', 'mendigos', 'índigo', 'indigos', 'mindinho', 'condigo', 'maldigo', 'mendigou', 'cindimo', 'mendigá', 'cindido', 'mendiga', 'mineiro', 'indigno', 'indico', 'vindico', 'indago'],0.0,0.0,0,0
['cérebro'],['célebro'],[],['celebro'],['celebrou', 'célere', 'célebres', 'cérebros', 'celeiro', 'celebrá', 'clero', 'célebre', 'cérebro', 'celebra', 'calibro', 'celebro', 'cerebro', 'celebre'],0.0,0.0,0,0
['perturbar'],['pertubar'],[],['perturbar'],['permutar', 'perturbar', 'perturbas', 'perdurar', 'perturbara', 'perturbam', 'perfurar', 'perturbará', 'perturbai', 'perturba', 'perfumar', 'derrubar'],0.0,0.0,0,1
